,Unnamed: 0,sys/id,parameters/batch_size,parameters/beta1,parameters/beta2,parameters/connect_to_project,parameters/cutout_count,parameters/cutout_max_size,parameters/cutout_min_size,parameters/device,parameters/dropout,parameters/epochs,parameters/gamma,parameters/jitter_brightness,parameters/jitter_contrast,parameters/jitter_hue,parameters/jitter_saturation,parameters/lr,parameters/lr_scheduler,parameters/max_lr,parameters/model,parameters/nu1,parameters/nu2,parameters/optimizer,parameters/per_alpha,parameters/per_beta,parameters/perspective_distortion,parameters/plot_interval,parameters/project_name,parameters/register_run,parameters/test,parameters/train,parameters/use_per,parameters/val,parameters/wd,train/val_acc,train/val_loss
0,0,CNN-175,,0.9,0.999,,,,,,0.1,50.0,0.9,,,,,0.002,,,,0.7,1.0,,,,,,,,,,,,1e-06,,
1,1,CNN-108,,,,,,,,,,,,,,,,,,,,,,,,,,,,,,,,,,,
2,2,CNN-307,64.0,0.9,0.999,True,0.0,4.0,2.0,cuda,,2.0,,0.0164619889110326,0.0,0.0,0.134365901350975,0.0200576288857289,,,M5(),0.8168317079544067,0.8973881006240845,QHAdam,,,0.0,63.0,mlxa/CNN,True,None,train_v3.bin,False,val_v3.bin,0.01,,
3,3,CNN-95,,0.9,0.999,,,,,,0.1,50.0,0.9,,,,,0.002,,,,0.7,1.0,,,,,,,,,,,,1e-06,,
4,4,CNN-363,32.0,0.9,0.999,True,0.0,0.0,0.0,cuda,,2.0,,0.0,0.0,0.0,0.0989186391234397,0.0022370829748957,,,M7(),0.4202497601509094,0.9688039422035216,QHAdam,,,0.0,125.0,mlxa/CNN,True,None,train_v3.bin,False,val_v3.bin,5.544302190160351e-06,0.8908745646476746,0.3755449652671814
5,5,CNN-123,,0.9,0.999,,,,,,0.1,50.0,0.9,,,,,0.002,,,,0.7,1.0,,,,,,,,,,,,1e-06,,
6,6,CNN-253,500.0,0.9,0.999,,,,,cuda,0.1,50.0,,,,,,0.0001,OneCycleLR,0.001,"VotingEnsemble([load_from_zoo('M7()_61ead6cd_final.p'),load_from_zoo('M7()_61ead348_2.p')], [1, 1])",0.7,1.0,QHAdam,,,,10.0,mlxa/CNN,True,None,train_v1.bin,,val_v1.bin,1e-06,,
7,7,CNN-295,100.0,0.9,0.999,True,,,,cuda,0.1,200.0,,,,,,0.0001,,,load_from_zoo('M7()_61ee9f5f_24.p'),0.7,1.0,QHAdam,0.5,0.5,,100.0,mlxa/CNN,True,None,train_v1.bin,True,val_v1.bin,1e-06,0.9302000403404236,0.2690116763114929
8,8,CNN-97,,0.9,0.999,,,,,,0.1,50.0,0.9,,,,,0.002,,,,0.7,1.0,,,,,,,,,,,,1e-06,,
9,9,CNN-61,,,,,,,,,,,,,,,,,,,,,,,,,,,,,,,,,,,
10,10,CNN-304,1024.0,0.9,0.999,True,1.0,10.0,7.0,cuda,,2.0,,0.0,0.0396348722279071,0.0,0.0,0.0024880234716798,,,Resnet18(10),0.3277575075626373,1.0,QHAdam,,,0.0663061663508415,4.0,mlxa/CNN,True,None,train_v3.bin,False,val_v3.bin,2.979356854589605e-05,0.5104970335960388,1.5723055601119995
11,11,CNN-375,128.0,0.9,0.999,True,1.0,6.0,4.0,cuda,,2.0,,0.0248229335993528,0.0,0.0,0.0164472665637731,0.0031369227939302,,,M7(),0.6667476892471313,0.9562230706214904,QHAdam,,,0.0219099689275026,32.0,mlxa/CNN,True,None,train_v3.bin,False,val_v3.bin,0.0016295577266189,0.8042919635772705,0.6303585767745972
12,12,CNN-349,64.0,0.9,0.999,True,0.0,9.0,4.0,cuda,,2.0,,0.0,0.1293994039297104,0.0589728541672229,0.0,0.0492306251451833,,,M5(),0.3771509528160095,1.0,QHAdam,,,0.1022182703018188,63.0,mlxa/CNN,True,None,train_v3.bin,False,val_v3.bin,9.921236875212167e-06,0.8788813948631287,0.3967150747776031
13,13,CNN-96,,0.9,0.999,,,,,,0.1,50.0,0.9,,,,,0.002,,,,0.7,1.0,,,,,,,,,,,,1e-06,,
14,14,CNN-378,256.0,0.9,0.999,True,0.0,0.0,0.0,cuda,,2.0,,0.022736782208085,0.0390311181545257,0.0314805321395397,0.1505105197429657,0.0004651711705577,,,M5(),0.5278823375701904,1.0,QHAdam,,,0.0,16.0,mlxa/CNN,True,None,train_v3.bin,False,val_v3.bin,7.64165266734749e-05,0.8622070550918579,0.6663557291030884
15,15,CNN-59,,,,,,,,,,,,,,,,,,,,,,,,,,,,,,,,,,,
16,16,CNN-357,32.0,0.9,0.999,True,1.0,10.0,5.0,cuda,,2.0,,0.0,0.0,0.0,0.0454422608017921,0.0029130061535786,,,Resnet18(10),0.4401149749755859,1.0,QHAdam,,,0.0,125.0,mlxa/CNN,True,None,train_v3.bin,False,val_v3.bin,3.408888533792662e-06,0.8579273223876953,0.4622425734996795
17,17,CNN-39,,,,,,,,,,,,,,,,,,,,,,,,,,,,,,,,,,,
18,18,CNN-109,,,,,,,,,,,,,,,,,,,,,,,,,,,,,,,,,,,
19,19,CNN-106,,0.9,0.999,,,,,,0.1,50.0,0.9,,,,,0.002,,,,0.7,1.0,,,,,,,,,,,,1e-06,,
20,20,CNN-345,64.0,0.9,0.999,True,0.0,10.0,4.0,cuda,,2.0,,0.0861623808741569,0.1607924997806549,0.0724357664585113,0.0,0.0001971360040943,,,M5(),0.3813905119895935,1.0,QHAdam,,,0.0,63.0,mlxa/CNN,True,None,train_v3.bin,False,val_v3.bin,4.626968624594258e-05,0.9030653238296508,0.5168805718421936
21,21,CNN-142,,,,,,,,,,,,,,,,,,,,,,,,,,,,,,,,,,,
22,22,CNN-126,,,,,,,,,,,,,,,,,,,,,,,,,,,,,,,,,,,
23,23,CNN-259,500.0,0.9,0.999,,,,,cuda,0.1,1.0,0.9,,,,,1e-05,ExponentialLR,,"load_from_zoo(""Densenet161(10)_61eaf1c4_47.p"")",0.7,1.0,QHAdam,,,,10.0,mlxa/CNN,True,None,train_v1.bin,,val_v1.bin,1e-06,,
24,24,CNN-326,512.0,0.9,0.999,True,0.0,0.0,0.0,cuda,,2.0,,0.0252522658556699,0.0440240576863288,0.0,0.0085383467376232,0.1,,,M5(),0.285256028175354,0.9194002747535706,QHAdam,,,0.120642177760601,8.0,mlxa/CNN,True,None,train_v3.bin,False,val_v3.bin,0.0008532345252529,0.5047794580459595,1.5136595964431765
25,25,CNN-92,,0.9,0.999,,,,,,0.1,50.0,0.9,,,,,0.002,,,,0.7,1.0,,,,,,,,,,,,1e-06,,
26,26,CNN-234,500.0,0.9,0.999,,,,,cuda,0.1,50.0,,,,,,0.0001,OneCycleLR,0.001,WideResnet50(10),0.7,1.0,QHAdam,,,,10.0,mlxa/CNN,True,None,train_v1.bin,,val_v1.bin,1e-06,,
27,27,CNN-23,,0.9,0.999,,,,,,0.1,50.0,0.95,,,,,0.01,,,,1.0,1.0,,,,,,,,,,,,1e-06,,
28,28,CNN-6,,,,,,,,,,,,,,,,,,,,,,,,,,,,,,,,,,0.1903,2.2929263798294555
29,29,CNN-113,,0.9,0.999,,,,,,0.1,50.0,0.9,,,,,0.002,,,,0.7,1.0,,,,,,,,,,,,1e-06,,
30,30,CNN-281,100.0,0.9,0.999,True,,,,cuda,0.1,200.0,,,,,,0.001,,,M7(),0.7,1.0,QHAdam,0.6,0.6,,100.0,mlxa/CNN,True,None,train_v1.bin,True,val_v2.bin,1e-06,,
31,31,CNN-116,,0.9,0.999,,,,,,0.1,50.0,0.9,,,,,0.002,,,,0.7,1.0,,,,,,,,,,,,1e-06,,
32,32,CNN-224,2000.0,0.9,0.999,,,,,cuda,0.1,20.0,,,,,,0.0001,OneCycleLR,0.001,"load_from_zoo(""M5()_61ead66d_9.p"")",0.7,1.0,QHAdam,,,,5.0,mlxa/CNN,True,None,train_v1.bin,,val_v1.bin,1e-06,0.849000096321106,0.7143782377243042
33,33,CNN-354,1024.0,0.9,0.999,True,0.0,14.0,8.0,cuda,,2.0,,0.0,0.0486126355826854,0.0322593189775943,0.0160908624529838,0.0060614438178105,,,M7(),0.3275313973426819,0.939680814743042,QHAdam,,,0.0,4.0,mlxa/CNN,True,None,train_v3.bin,False,val_v3.bin,0.0026141657843397,0.555367112159729,1.3906701803207395
34,34,CNN-289,100.0,0.9,0.999,True,,,,cuda,0.1,200.0,,,,,,0.0001,,,load_from_zoo('M7()_61ee9f5f_24.p'),0.7,1.0,QHAdam,0.5,0.5,,100.0,mlxa/CNN,True,None,train_v1.bin,True,val_v1.bin,1e-06,0.9309999346733092,0.2926750481128692
35,35,CNN-70,,0.9,0.999,,,,,,0.1,50.0,0.9,,,,,0.002,,,,0.7,1.0,,,,,,,,,,,,1e-06,,
36,36,CNN-208,64.0,0.9,0.999,,,,,cuda,0.1,50.0,,,,,,0.002,OneCycleLR,1.0,M3(),0.7,1.0,QHAdam,,,,,mlxa/CNN,True,test_v2.bin,train_v2.bin,,val_v2.bin,1e-06,0.1500928699970245,2.367672920227051
37,37,CNN-221,2000.0,0.9,0.999,,,,,cuda,0.1,10.0,,,,,,0.0001,OneCycleLR,0.001,M5(),0.7,1.0,QHAdam,,,,5.0,mlxa/CNN,True,None,train_v1.bin,,val_v1.bin,1e-06,,
38,38,CNN-343,32.0,0.9,0.999,True,0.0,0.0,0.0,cuda,,2.0,,0.0788385048508644,0.0066309138201177,0.0,0.0,8.461239099117543e-05,,,Resnet18(10),0.4897577166557312,1.0,QHAdam,,,0.0328892581164836,125.0,mlxa/CNN,True,None,train_v3.bin,False,val_v3.bin,0.0003028576886611,0.8428514003753662,0.5174896717071533
39,39,CNN-310,1024.0,0.9,0.999,True,0.0,0.0,0.0,cuda,,2.0,,0.0,0.0,0.0,0.0158013086766004,0.0004691310868815,,,M7(),0.5451366901397705,0.9259193539619446,QHAdam,,,0.0,4.0,mlxa/CNN,True,None,train_v3.bin,False,val_v3.bin,2.168508539024294e-06,0.8223055005073547,0.8580700159072876
40,40,CNN-328,32.0,0.9,0.999,True,1.0,17.0,9.0,cuda,,2.0,,0.0,0.0817458108067512,0.0456181056797504,0.0183097999542951,5.767166452860676e-05,,,M5(),0.475614070892334,0.9502015113830566,QHAdam,,,0.0,125.0,mlxa/CNN,True,None,train_v3.bin,False,val_v3.bin,0.0036858982366361,0.8481429815292358,0.6137194633483887
41,41,CNN-272,500.0,0.9,0.999,,,,,cuda,0.1,10.0,0.9,,,,,0.0001,ExponentialLR,,"load_from_zoo(""Densenet161(10)_61eb0a80_0.p"")",0.7,1.0,QHAdam,,,,10.0,mlxa/CNN,True,None,train_v1.bin,,val_v1.bin,1e-06,,
42,42,CNN-368,1024.0,0.9,0.999,True,0.0,20.0,9.0,cuda,,2.0,,0.0,0.0,0.0147128105163574,0.1535678952932357,0.0062879126263461,,,Resnet18(10),0.245735615491867,1.0,QHAdam,,,0.0356850437819957,4.0,mlxa/CNN,True,None,train_v3.bin,False,val_v3.bin,0.0003070440861276,0.3675223290920257,1.909024119377136
43,43,CNN-110,,,,,,,,,,,,,,,,,,,,,,,,,,,,,,,,,,,
44,44,CNN-168,,,,,,,,,,,,,,,,,,,,,,,,,,,,,,,,,,,
45,46,CNN-339,512.0,0.9,0.999,True,0.0,1.0,0.0,cuda,,2.0,,0.0,0.0,0.0,0.0,0.0001953234192415,,,M5(),0.5038648843765259,1.0,QHAdam,,,0.0,8.0,mlxa/CNN,True,None,train_v3.bin,False,val_v3.bin,1.7795860965542547e-05,0.813752293586731,0.882774829864502
46,47,CNN-36,,0.9,0.999,,,,,,0.1,50.0,0.95,,,,,0.01,,,,1.0,1.0,,,,,,,,,,,,1e-06,0.9338176846504213,0.2631469964981079
47,48,CNN-56,,,,,,,,,,,,,,,,,,,,,,,,,,,,,,,,,,,
48,49,CNN-129,,0.9,0.999,,,,,,0.1,50.0,0.9,,,,,0.002,,,,0.7,1.0,,,,,,,,,,,,1e-06,,
49,50,CNN-230,1000.0,0.9,0.999,,,,,cuda,0.1,50.0,,,,,,0.0001,OneCycleLR,0.001,Densenet121(10),0.7,1.0,QHAdam,,,,10.0,mlxa/CNN,True,None,train_v1.bin,,val_v1.bin,1e-06,,
50,51,CNN-4,,,,,,,,,,,,,,,,,,,,,,,,,,,,,,,,,,,
51,52,CNN-376,512.0,0.9,0.999,True,0.0,8.0,2.0,cuda,,2.0,,0.0,0.0,0.0926215723156929,0.0,0.0106481288386379,,,M5(),0.5562336444854736,0.9813689589500428,QHAdam,,,0.0,8.0,mlxa/CNN,True,None,train_v3.bin,False,val_v3.bin,1.078356914656593e-05,0.7477022409439087,0.8244447112083435
52,53,CNN-270,500.0,0.9,0.999,,,,,cuda,0.1,10.0,0.9,,,,,0.0001,ExponentialLR,,"load_from_zoo(""Densenet161(10)_61eb0a80_0.p"")",0.7,1.0,QHAdam,,,,10.0,mlxa/CNN,True,None,train_v1.bin,,val_v1.bin,1e-06,,
53,54,CNN-350,256.0,0.9,0.999,True,0.0,14.0,8.0,cuda,,2.0,,0.0952463075518608,0.0859966427087783,0.0730452015995979,0.0,3.025623842068376e-05,,,M7(),0.5471459031105042,0.9582480788230896,QHAdam,,,0.0,16.0,mlxa/CNN,True,None,train_v3.bin,False,val_v3.bin,7.386062384637633e-05,0.7982422113418579,0.9056220054626464
54,55,CNN-46,,,,,,,,,,,,,,,,,,,,,,,,,,,,,,,,,,,
55,56,CNN-178,,0.9,0.999,,,,,,0.1,50.0,0.9,,,,,0.002,,,,0.7,1.0,,,,,,,,,,,,1e-06,,
56,57,CNN-239,500.0,0.9,0.999,,,,,cuda,0.1,50.0,,,,,,0.0001,OneCycleLR,0.001,"VotingEnsemble(['load_from_zoo(M3()_#CNN-172_36.p)', 'load_from_zoo(M3()_#CNN-229_29.p)', 'load_from_zoo(M7()_61ead6cd_final.p)', 'load_from_zoo(M7()_61ead348_2.p)'], True)",0.7,1.0,QHAdam,,,,10.0,mlxa/CNN,True,None,train_v1.bin,,val_v1.bin,1e-06,,
57,58,CNN-18,,0.9,0.999,,,,,,0.1,50.0,0.95,,,,,0.01,,,,1.0,1.0,,,,,,,,,,,,1e-06,,
58,59,CNN-348,128.0,0.9,0.999,True,0.0,20.0,7.0,cuda,,2.0,,0.1176007017493248,0.0,0.0304103679955005,0.0,0.0163213619250348,,,M5(),0.3685100376605987,1.0,QHAdam,,,0.0334377102553844,32.0,mlxa/CNN,True,None,train_v3.bin,False,val_v3.bin,0.0014326114125072,0.7151898741722107,0.9164968729019164
59,60,CNN-161,,,,,,,,,,,,,,,,,,,,,,,,,,,,,,,,,,,
60,61,CNN-216,512.0,0.9,0.999,,,,,cuda,0.1,10.0,0.95,,,,,0.001,ExponentialLR,,"load_from_zoo(""M7()_61eacd10_8.p"")",0.7,1.0,QHAdam,,,,,mlxa/CNN,True,None,train_v1.bin,,val_v1.bin,1e-06,0.9216394424438475,0.273838609457016
61,62,CNN-190,64.0,0.9,0.999,,,,,cpu,0.1,5.0,0.9,,,,,0.002,ExponentialLR,,M7S1(),0.7,1.0,QHAdam,,,,,mlxa/CNN,False,None,train_v2.bin,,val_v2.bin,1e-06,0.1410085558891296,2.3070552349090576
62,63,CNN-144,,,,,,,,,,,,,,,,,,,,,,,,,,,,,,,,,,,
63,64,CNN-156,,,,,,,,,,,,,,,,,,,,,,,,,,,,,,,,,,,
64,65,CNN-58,,,,,,,,,,,,,,,,,,,,,,,,,,,,,,,,,,,
65,66,CNN-218,8192.0,0.9,0.999,,,,,cuda,0.1,10.0,0.95,,,,,0.001,ExponentialLR,,"load_from_zoo(""M7()_61eacf91_1.p"")",0.7,1.0,QHAdam,,,,1.0,mlxa/CNN,True,None,train_v1.bin,,val_v1.bin,1e-06,0.9315893054008484,0.2342545986175537
66,67,CNN-63,,,,,,,,,,,,,,,,,,,,,,,,,,,,,,,,,,,
67,68,CNN-197,64.0,0.9,0.999,,,,,cuda,0.1,100.0,,,,,,0.0001,OneCycleLR,0.001,M7(),0.7,1.0,QHAdam,,,,,mlxa/CNN,True,None,train_v1.bin,,val_v2.bin,1e-06,0.2703084647655487,2.0697367191314697
68,69,CNN-100,,0.9,0.999,,,,,,0.1,50.0,0.9,,,,,0.002,,,,0.7,1.0,,,,,,,,,,,,1e-06,,
69,70,CNN-318,512.0,0.9,0.999,True,0.0,27.0,11.0,cuda,,2.0,,0.0,0.1833646446466446,0.0,0.0,5.286878959053957e-05,,,Resnet18(10),0.3577122092247009,0.9944385290145874,QHAdam,,,0.053793728351593,8.0,mlxa/CNN,True,None,train_v3.bin,False,val_v3.bin,3.196817373969649e-05,0.5406135320663452,1.3394618034362793
70,71,CNN-72,,,,,,,,,,,,,,,,,,,,,,,,,,,,,,,,,,,
71,72,CNN-212,64.0,0.9,0.999,,,,,cpu,0.1,5.0,,,,,,0.002,OneCycleLR,1.0,"load_from_zoo(""M7()_CNN-202_final.p"")",0.7,1.0,QHAdam,,,,,mlxa/CNN,True,None,train_v1.bin,,val_v1.bin,1e-06,,
72,73,CNN-31,,0.9,0.999,,,,,,0.1,50.0,0.95,,,,,0.01,,,,1.0,1.0,,,,,,,,,,,,1e-06,0.105991244316101,8.072582244873047
73,74,CNN-324,32.0,0.9,0.999,True,0.0,14.0,9.0,cuda,,2.0,,0.0710292980074882,0.0408828668296337,0.0,0.0,0.0003682233512159,,,M7(),0.297496885061264,0.9233927726745604,QHAdam,,,0.2200426161289215,125.0,mlxa/CNN,True,None,train_v3.bin,False,val_v3.bin,5.330272599366356e-06,0.8951677083969116,0.4482217133045196
74,75,CNN-240,500.0,0.9,0.999,,,,,cuda,0.1,50.0,,,,,,0.0001,OneCycleLR,0.001,"VotingEnsemble(['load_from_zoo(M3()_#CNN-172_36.p)', 'load_from_zoo(M3()_#CNN-229_29.p)', 'load_from_zoo(M7()_61ead6cd_final.p)', 'load_from_zoo(M7()_61ead348_2.p)'], [1, 1, 1, 1])",0.7,1.0,QHAdam,,,,10.0,mlxa/CNN,True,None,train_v1.bin,,val_v1.bin,1e-06,,
75,76,CNN-300,1024.0,0.9,0.999,True,0.0,6.0,2.0,cuda,,2.0,,0.0,0.0706642568111419,0.0686211660504341,0.0,0.0012657858852738,,,M7(),0.1690069735050201,1.0,QHAdam,,,0.1229720935225486,4.0,mlxa/CNN,True,None,train_v3.bin,False,val_v3.bin,3.0809906211466445e-05,0.5613241195678711,1.4575594663619995
76,77,CNN-150,,,,,,,,,,,,,,,,,,,,,,,,,,,,,,,,,,,
77,78,CNN-52,,,,,,,,,,,,,,,,,,,,,,,,,,,,,,,,,,,
78,79,CNN-104,,0.9,0.999,,,,,,0.1,50.0,0.9,,,,,0.002,,,,0.7,1.0,,,,,,,,,,,,1e-06,,
79,80,CNN-16,,0.9,0.999,,,,,,0.1,50.0,0.95,,,,,0.01,,,,1.0,1.0,,,,,,,,,,,,1e-06,,
80,81,CNN-69,,0.9,0.999,,,,,,0.1,50.0,0.9,,,,,0.002,,,,0.7,1.0,,,,,,,,,,,,1e-06,,
81,82,CNN-101,,0.9,0.999,,,,,,0.1,50.0,0.9,,,,,0.002,,,,0.7,1.0,,,,,,,,,,,,1e-06,,
82,83,CNN-342,1024.0,0.9,0.999,True,0.0,35.0,11.0,cuda,,2.0,,0.0185852814465761,0.0384037755429744,0.0,0.0450761243700981,4.648803959175673e-05,,,M7(),0.3220183849334717,0.8963018655776978,QHAdam,,,0.006869220174849,4.0,mlxa/CNN,True,None,train_v3.bin,False,val_v3.bin,0.0025421975913346,0.7482163310050964,1.0153592824935913
83,84,CNN-136,,0.9,0.999,,,,,,0.1,50.0,0.9,,,,,0.002,,,,0.7,1.0,,,,,,,,,,,,1e-06,,
84,85,CNN-44,,,,,,,,,,,,,,,,,,,,,,,,,,,,,,,,,,,
85,86,CNN-331,512.0,0.9,0.999,True,1.0,5.0,2.0,cuda,,2.0,,0.0,0.0,0.1517456769943237,0.0,0.0002598864975278,,,M5(),0.1637863218784332,1.0,QHAdam,,,0.0,8.0,mlxa/CNN,True,None,train_v3.bin,False,val_v3.bin,8.780352727486728e-05,0.7125459909439087,1.0154742002487185
86,87,CNN-337,512.0,0.9,0.999,True,1.0,6.0,4.0,cuda,,2.0,,0.0,0.0,0.0435571931302547,0.0628338977694511,0.0151556156401406,,,Resnet18(10),0.5072433948516846,1.0,QHAdam,,,0.0574373267590999,8.0,mlxa/CNN,True,None,train_v3.bin,False,val_v3.bin,0.001024097735609,,
87,88,CNN-382,32.0,0.9,0.999,True,0.0,19.0,7.0,cuda,,2.0,,0.1514973640441894,0.0,0.0089080771431326,0.0,0.0005261165603559,,,M5(),0.2236929237842559,1.0,QHAdam,,,0.0,125.0,mlxa/CNN,True,None,train_v3.bin,False,val_v3.bin,0.0005615543479451,0.9003593921661377,0.4209162592887878
88,89,CNN-255,500.0,0.9,0.999,,,,,cuda,0.1,50.0,0.9,,,,,0.001,ExponentialLR,,"load_from_zoo(""Densenet161(10)_61eaf1c4_47.p"")",0.7,1.0,QHAdam,,,,10.0,mlxa/CNN,True,None,train_v1.bin,,val_v1.bin,1e-06,0.9297000169754028,0.2757317721843719
89,90,CNN-269,500.0,0.9,0.999,,,,,cuda,0.1,1.0,0.9,,,,,1e-05,ExponentialLR,,"load_from_zoo(""Densenet161(10)_61eaf1c4_47.p"")",0.7,1.0,QHAdam,,,,10.0,mlxa/CNN,True,None,train_v1.bin,,val_v1.bin,1e-06,0.918200135231018,0.6675712466239929
90,91,CNN-191,64.0,0.9,0.999,,,,,cpu,0.1,5.0,0.9,,,,,0.002,ExponentialLR,,M7S1(),0.7,1.0,QHAdam,,,,,mlxa/CNN,False,None,train_v2.bin,,val_v2.bin,1e-06,0.1335998177528381,2.2989261150360107
91,92,CNN-54,,,,,,,,,,,,,,,,,,,,,,,,,,,,,,,,,,,
92,93,CNN-271,500.0,0.9,0.999,,,,,cuda,0.1,10.0,0.9,,,,,0.0001,ExponentialLR,,"load_from_zoo(""Densenet161(10)_61eb0a80_0.p"")",0.7,1.0,QHAdam,,,,10.0,mlxa/CNN,True,None,train_v1.bin,,val_v1.bin,1e-06,,
93,94,CNN-237,500.0,0.9,0.999,,,,,cuda,0.1,50.0,,,,,,0.0001,OneCycleLR,0.001,"load_from_zoo(""Densenet161(10)_61eae67e_49.p"")",0.7,1.0,QHAdam,,,,10.0,mlxa/CNN,True,None,train_v1.bin,,val_v1.bin,1e-06,0.7860001921653748,0.6930561065673828
94,95,CNN-83,,,,,,,,,,,,,,,,,,,,,,,,,,,,,,,,,,,
95,96,CNN-241,500.0,0.9,0.999,,,,,cuda,0.1,50.0,,,,,,0.0001,OneCycleLR,0.001,"VotingEnsemble(['load_from_zoo(M3()_#CNN-172_36.p)', 'load_from_zoo(M3()_#CNN-229_29.p)', 'load_from_zoo(M7()_61ead6cd_final.p)', 'load_from_zoo(M7()_61ead348_2.p)'], [1, 1, 1, 1])",0.7,1.0,QHAdam,,,,10.0,mlxa/CNN,True,None,train_v1.bin,,val_v1.bin,1e-06,,
96,97,CNN-187,64.0,0.9,0.999,,,,,cpu,0.1,5.0,0.9,,,,,0.002,ExponentialLR,,M7S1(),0.7,1.0,QHAdam,,,,,mlxa/CNN,False,None,train_v2.bin,,val_v2.bin,1e-06,0.1131904125213623,2.300780296325684
97,98,CNN-384,256.0,0.9,0.999,True,0.0,19.0,7.0,cuda,,2.0,,0.0,0.0,0.0197757575660944,0.0,0.0021443914814634,,,M7(),0.9,1.0,QHAdam,,,0.0,16.0,mlxa/CNN,True,None,train_v3.bin,False,val_v3.bin,5.853530798056386e-05,0.89208984375,0.4498291015625
98,99,CNN-222,2000.0,0.9,0.999,,,,,cuda,0.1,10.0,,,,,,0.0001,OneCycleLR,0.001,M5(),0.7,1.0,QHAdam,,,,5.0,mlxa/CNN,True,None,train_v1.bin,,val_v1.bin,1e-06,0.8040000200271606,0.8764586448669434
99,100,CNN-233,500.0,0.9,0.999,,,,,cuda,0.1,50.0,,,,,,0.0001,OneCycleLR,0.001,Densenet161(10)_61eae67e_49.p,0.7,1.0,QHAdam,,,,10.0,mlxa/CNN,True,None,train_v1.bin,,val_v1.bin,1e-06,,
100,101,CNN-377,32.0,0.9,0.999,True,0.0,11.0,6.0,cuda,,2.0,,0.0,0.0664603635668754,0.0,0.0,0.0003773195175585,,,Resnet18(10),0.3568018078804016,0.9266674518585204,QHAdam,,,0.0073425970040261,125.0,mlxa/CNN,True,None,train_v3.bin,False,val_v3.bin,3.2855764432869065e-05,0.8648163080215454,0.4430824220180511
101,102,CNN-192,64.0,0.9,0.999,,,,,cpu,0.1,5.0,0.9,,,,,0.002,ExponentialLR,,M7S1(),0.7,1.0,QHAdam,,,,,mlxa/CNN,False,None,train_v2.bin,,val_v2.bin,1e-06,0.1227390244603157,2.292699098587036
102,103,CNN-274,500.0,0.9,0.999,,,,,cuda,0.1,10.0,0.9,,,,,0.0001,ExponentialLR,,"load_from_zoo(""Densenet161(10)_61eb0a80_0.p"")",0.7,1.0,QHAdam,,,,10.0,mlxa/CNN,True,None,train_v1.bin,,val_v1.bin,1e-06,,
103,104,CNN-211,200.0,0.9,0.999,,,,,cuda,0.1,10.0,0.95,,,,,0.001,ExponentialLR,,Resnet18(10),0.7,1.0,QHAdam,,,,,mlxa/CNN,True,None,train_v1.bin,,val_v1.bin,1e-06,0.9121001958847046,0.294731080532074
104,105,CNN-321,512.0,0.9,0.999,True,0.0,9.0,4.0,cuda,,2.0,,0.0288379937410354,0.0397919267416,0.0,0.0,0.0036830624077779,,,M5(),0.4383729100227356,0.952683687210083,QHAdam,,,0.0,8.0,mlxa/CNN,True,None,train_v3.bin,False,val_v3.bin,4.569104038545888e-05,0.7021771669387817,1.0047250986099243
105,106,CNN-49,,,,,,,,,,,,,,,,,,,,,,,,,,,,,,,,,,,
106,107,CNN-82,,,,,,,,,,,,,,,,,,,,,,,,,,,,,,,,,,,
107,108,CNN-312,32.0,0.9,0.999,True,0.0,0.0,0.0,cpu,,2.0,,0.0,0.0,0.0750358030200004,0.0,0.0001199644829942,,,Resnet18(10),0.4825763702392578,1.0,QHAdam,,,0.0421697534620761,125.0,mlxa/CNN,True,None,train_v3.bin,False,val_v3.bin,6.315502138110881e-05,,
108,109,CNN-130,,0.9,0.999,,,,,,0.1,50.0,0.9,,,,,0.002,,,,0.7,1.0,,,,,,,,,,,,1e-06,,
109,110,CNN-383,512.0,0.9,0.999,True,0.0,7.0,3.0,cuda,,2.0,,0.1122048497200012,0.0302824433892965,0.0,0.0,0.000987611706938,,,M7(),0.7539322376251221,1.0,QHAdam,,,0.0,8.0,mlxa/CNN,True,None,train_v3.bin,False,val_v3.bin,3.2781967363001514e-05,0.7347139716148376,0.996662437915802
110,111,CNN-194,64.0,0.9,0.999,,,,,cpu,0.1,5.0,0.9,,,,,0.002,ExponentialLR,,M7S1(),0.7,1.0,QHAdam,,,,,mlxa/CNN,False,None,train_v2.bin,,val_v2.bin,1e-06,0.1236474514007568,2.3038761615753174
111,112,CNN-85,,,,,,,,,,,,,,,,,,,,,,,,,,,,,,,,,,,
112,113,CNN-137,,0.9,0.999,,,,,,0.1,50.0,0.9,,,,,0.002,,,,0.7,1.0,,,,,,,,,,,,1e-06,,
113,114,CNN-366,256.0,0.9,0.999,True,0.0,17.0,9.0,cuda,,2.0,,0.0,0.0021091939415782,0.0654763877391815,0.0,0.0010089037698109,,,M5(),0.4331353306770324,1.0,QHAdam,,,0.0,16.0,mlxa/CNN,True,None,train_v3.bin,False,val_v3.bin,8.995054745492565e-05,0.83154296875,0.7193006277084351
114,115,CNN-27,,0.9,0.999,,,,,,0.1,50.0,0.95,,,,,0.01,,,,1.0,1.0,,,,,,,,,,,,1e-06,,
115,116,CNN-335,128.0,0.9,0.999,True,2.0,15.0,7.0,cuda,,2.0,,0.0,0.0,0.0098899779841303,0.0403234027326107,0.0124834006047006,,,M7(),0.5222955942153931,0.9253250360488892,QHAdam,,,0.0323475711047649,32.0,mlxa/CNN,True,None,train_v3.bin,False,val_v3.bin,0.0007105824470397,0.6161985993385315,1.230231523513794
116,117,CNN-373,512.0,0.9,0.999,True,0.0,12.0,4.0,cuda,,2.0,,0.0,0.0,0.0,0.0,0.0002721073701169,,,Resnet18(10),0.5135887861251831,0.8860825896263123,QHAdam,,,0.0,8.0,mlxa/CNN,True,None,train_v3.bin,False,val_v3.bin,9.37028161908088e-05,0.787028968334198,0.6582610607147217
117,118,CNN-266,500.0,0.9,0.999,,,,,cuda,0.1,1.0,0.9,,,,,1e-05,ExponentialLR,,"load_from_zoo(""Densenet161(10)_61eaf1c4_47.p"")",0.7,1.0,QHAdam,,,,10.0,mlxa/CNN,True,None,train_v1.bin,,val_v1.bin,1e-06,,
118,119,CNN-322,128.0,0.9,0.999,True,0.0,8.0,4.0,cuda,,2.0,,0.0,0.2336771935224533,0.0,0.073565773665905,0.0025242813367234,,,Resnet18(10),0.6009762287139893,1.0,QHAdam,,,0.1522990316152572,32.0,mlxa/CNN,True,None,train_v3.bin,False,val_v3.bin,0.0002199313112818,0.8672864437103271,0.4353737831115722
119,120,CNN-246,500.0,0.9,0.999,,,,,cuda,0.1,50.0,,,,,,0.0001,OneCycleLR,0.001,"VotingEnsemble([load_from_zoo('M3()_#CNN-172_36.p'),load_from_zoo('M3()_#CNN-229_29.p'),load_from_zoo('M7()_61ead6cd_final.p'),load_from_zoo('M7()_61ead348_2.p')], [1, 1, 1, 1])",0.7,1.0,QHAdam,,,,10.0,mlxa/CNN,True,None,train_v1.bin,,val_v1.bin,1e-06,,
120,121,CNN-309,128.0,0.9,0.999,True,0.0,17.0,5.0,cuda,,2.0,,0.0,0.0682143121957779,0.0,0.0,0.0046266714413954,,,Resnet18(10),0.4049705862998962,0.9759841561317444,QHAdam,,,0.0,32.0,mlxa/CNN,True,None,train_v3.bin,False,val_v3.bin,0.0002102665159855,0.7135087251663208,0.90190988779068
121,122,CNN-30,,0.9,0.999,,,,,,0.1,50.0,0.95,,,,,0.01,,,,1.0,1.0,,,,,,,,,,,,1e-06,,
122,123,CNN-353,512.0,0.9,0.999,True,1.0,16.0,9.0,cuda,,2.0,,0.1413448750972747,0.0,0.0034551140852272,0.0,0.0009578867861137,,,Resnet18(10),0.4579111635684967,0.953933835029602,QHAdam,,,0.0189191419631242,8.0,mlxa/CNN,True,None,train_v3.bin,False,val_v3.bin,8.547591482550167e-05,,
123,124,CNN-12,,,,,,,,,,,,,,,,,,,,,,,,,,,,,,,,,,,
124,125,CNN-37,,0.9,0.999,,,,,,0.1,50.0,0.95,,,,,0.01,,,,0.7,1.0,,,,,,,,,,,,1e-06,0.9292396903038024,0.2672843039035797
125,126,CNN-273,500.0,0.9,0.999,,,,,cuda,0.1,10.0,0.9,,,,,0.0001,ExponentialLR,,"load_from_zoo(""Densenet161(10)_61eb0a80_0.p"")",0.7,1.0,QHAdam,,,,10.0,mlxa/CNN,True,None,train_v1.bin,,val_v1.bin,1e-06,,
126,127,CNN-299,32.0,0.9,0.999,True,0.0,0.0,0.0,cuda,,2.0,,0.0288433786481618,0.0,0.0,0.0856643989682197,0.1,,,M5(),0.2961304783821106,1.0,QHAdam,,,0.1956255584955215,125.0,mlxa/CNN,True,None,train_v3.bin,False,val_v3.bin,0.0001836744782171,,
127,128,CNN-226,2000.0,0.9,0.999,,,,,cuda,0.1,20.0,,,,,,0.001,OneCycleLR,0.01,"load_from_zoo(""M5()_61ead8a7_17.p"")",0.7,1.0,QHAdam,,,,5.0,mlxa/CNN,True,None,train_v1.bin,,val_v1.bin,1e-06,0.879800021648407,0.5532575845718384
128,129,CNN-2,,,,,,,,,,,,,,,,,,,,,,,,,,,,,,,,,,,
129,130,CNN-341,256.0,0.9,0.999,True,0.0,9.0,5.0,cuda,,2.0,,0.099015787243843,0.0,0.0206781756132841,0.1457663029432296,0.0001468153321193,,,M7(),0.8518903255462646,0.8,QHAdam,,,0.010577174834907,16.0,mlxa/CNN,True,None,train_v3.bin,False,val_v3.bin,0.0002080450726812,0.8802734613418579,0.6518964767456055
130,131,CNN-140,,0.9,0.999,,,,,,0.1,50.0,0.9,,,,,0.002,,,,0.7,1.0,,,,,,,,,,,,1e-06,,
131,132,CNN-232,1000.0,0.9,0.999,,,,,cuda,0.1,50.0,,,,,,0.0001,OneCycleLR,0.001,Densenet161(10),0.7,1.0,QHAdam,,,,10.0,mlxa/CNN,True,None,train_v1.bin,,val_v1.bin,1e-06,0.7570000290870667,0.7553194761276245
132,133,CNN-346,128.0,0.9,0.999,True,0.0,8.0,3.0,cuda,,2.0,,0.0193863119930028,0.0,0.0049593267031013,0.0,0.0001387642898976,,,M5(),0.5899543166160583,1.0,QHAdam,,,0.0,32.0,mlxa/CNN,True,None,train_v3.bin,False,val_v3.bin,2.9369461567944204e-05,0.8900316953659058,0.6456335783004761
133,134,CNN-210,64.0,0.9,0.999,,,,,cpu,0.1,5.0,,,,,,0.002,OneCycleLR,1.0,Dummy(),0.7,1.0,QHAdam,,,,,mlxa/CNN,True,None,train_v1.bin,,val_v1.bin,1e-06,0.0959394872188568,20.822311401367188
134,135,CNN-153,,,,,,,,,,,,,,,,,,,,,,,,,,,,,,,,,,,
135,136,CNN-51,,,,,,,,,,,,,,,,,,,,,,,,,,,,,,,,,,,
136,137,CNN-152,,,,,,,,,,,,,,,,,,,,,,,,,,,,,,,,,,,
137,139,CNN-127,,,,,,,,,,,,,,,,,,,,,,,,,,,,,,,,,,,
138,140,CNN-290,100.0,0.9,0.999,True,,,,cuda,0.1,200.0,,,,,,0.0001,,,load_from_zoo('M7()_61ee9f5f_24.p'),0.7,1.0,QHAdam,,,,100.0,mlxa/CNN,True,None,train_v1.bin,False,val_v1.bin,1e-06,0.9329001307487488,0.2576052546501159
139,141,CNN-75,,,,,,,,,,,,,,,,,,,,,,,,,,,,,,,,,,,
140,142,CNN-298,256.0,0.9,0.999,True,3.0,4.0,3.0,cuda,,2.0,,0.0,0.0,0.0,0.0,3.989038474251636e-05,,,M5(),0.6143693923950195,0.9549054503440856,QHAdam,,,0.0,16.0,mlxa/CNN,True,None,train_v3.bin,False,val_v3.bin,0.0004007993139981,,
141,143,CNN-8,,,,,,,,,,,,,,,,,,,,,,,,,,,,,,,,,,0.1903,2.4006451239251785
142,144,CNN-361,256.0,0.9,0.999,True,0.0,14.0,7.0,cuda,,2.0,,0.0,0.0185028333216905,0.065028466284275,0.0,0.009110491298001,,,Resnet18(10),0.1,0.913711428642273,QHAdam,,,0.0647694393992424,16.0,mlxa/CNN,True,None,train_v3.bin,False,val_v3.bin,3.6745377465540464e-06,0.69921875,0.924184501171112
143,145,CNN-163,,,,,,,,,,,,,,,,,,,,,,,,,,,,,,,,,,,
144,146,CNN-184,64.0,0.9,0.999,,,,,cpu,0.1,5.0,0.9,,,,,0.002,ExponentialLR,,M7S1(),0.7,1.0,QHAdam,,,,,mlxa/CNN,False,None,train_v2.bin,,val_v2.bin,1e-06,,
145,147,CNN-244,500.0,0.9,0.999,,,,,cuda,0.1,50.0,,,,,,0.0001,OneCycleLR,0.001,"VotingEnsemble([load_from_zoo(M3()_#CNN-172_36.p),load_from_zoo(M3()_#CNN-229_29.p),load_from_zoo(M7()_61ead6cd_final.p),load_from_zoo(M7()_61ead348_2.p)], [1, 1, 1, 1])",0.7,1.0,QHAdam,,,,10.0,mlxa/CNN,True,None,train_v1.bin,,val_v1.bin,1e-06,,
146,148,CNN-117,,,,,,,,,,,,,,,,,,,,,,,,,,,,,,,,,,,
147,150,CNN-282,100.0,0.9,0.999,True,,,,cuda,0.1,200.0,,,,,,0.001,,,M7(),0.7,1.0,QHAdam,0.6,0.6,,100.0,mlxa/CNN,True,None,train_v1.bin,True,val_v2.bin,1e-06,,
148,151,CNN-235,500.0,0.9,0.999,,,,,cuda,0.1,50.0,,,,,,0.0001,OneCycleLR,0.001,"load_from_zoo(""Densenet161(10)_61eae67e_49.p"")",0.7,1.0,QHAdam,,,,10.0,mlxa/CNN,True,None,train_v1.bin,,val_v1.bin,1e-06,,
149,152,CNN-98,,0.9,0.999,,,,,,0.1,50.0,0.9,,,,,0.002,,,,0.7,1.0,,,,,,,,,,,,1e-06,,
150,153,CNN-200,200.0,0.9,0.999,,,,,cuda,0.1,100.0,3.1622776601683795,,,,,0.0001,ExponentialLR,,M7(),0.7,1.0,QHAdam,,,,,mlxa/CNN,True,None,train_v1.bin,,val_v2.bin,1e-06,,
151,154,CNN-68,,0.9,0.999,,,,,,0.1,50.0,0.9,,,,,0.002,,,,0.7,1.0,,,,,,,,,,,,1e-06,,
152,155,CNN-296,1024.0,0.9,0.999,True,1.0,16.0,8.0,cuda,,2.0,,0.0,0.0758391916751861,0.0,0.135131224989891,0.0002798471392913,,,M5(),0.5403730869293213,1.0,QHAdam,,,0.0247436575591564,4.0,mlxa/CNN,True,None,train_v3.bin,False,val_v3.bin,0.0007056764637843,,
153,156,CNN-204,200.0,0.9,0.999,,,,,cuda,0.1,10.0,,,,,,0.001,OneCycleLR,0.1,"M7()"")",0.7,1.0,QHAdam,,,,,mlxa/CNN,True,None,train_v1.bin,,val_v1.bin,1e-06,,
154,157,CNN-292,100.0,0.9,0.999,True,,,,cuda,0.1,200.0,,,,,,0.0001,,,load_from_zoo('M7()_61ee9f5f_24.p'),0.7,1.0,QHAdam,0.5,0.5,,100.0,mlxa/CNN,True,None,train_v1.bin,True,val_v1.bin,1e-06,,
155,158,CNN-119,,,,,,,,,,,,,,,,,,,,,,,,,,,,,,,,,,,
156,159,CNN-71,,0.9,0.999,,,,,,0.1,50.0,0.9,,,,,0.002,,,,0.7,1.0,,,,,,,,,,,,1e-06,0.9376990795135498,0.2607343792915344
157,160,CNN-248,500.0,0.9,0.999,,,,,cuda,0.1,50.0,,,,,,0.0001,OneCycleLR,0.001,"VotingEnsemble([load_from_zoo('M3()_#CNN-172_36.p'),load_from_zoo('M3()_#CNN-229_29.p'),load_from_zoo('M7()_61ead6cd_final.p'),load_from_zoo('M7()_61ead348_2.p')], [1, 1, 1, 1])",0.7,1.0,QHAdam,,,,10.0,mlxa/CNN,True,None,train_v1.bin,,val_v1.bin,1e-06,,
158,162,CNN-196,64.0,0.9,0.999,,,,,cuda,0.1,100.0,,,,,,0.0001,OneCycleLR,0.001,M7S1(),0.7,1.0,QHAdam,,,,,mlxa/CNN,True,None,train_v1.bin,,val_v2.bin,1e-06,0.2442869842052459,2.111942768096924
159,163,CNN-50,,,,,,,,,,,,,,,,,,,,,,,,,,,,,,,,,,,
160,164,CNN-25,,0.9,0.999,,,,,,0.1,50.0,0.95,,,,,0.01,,,,1.0,1.0,,,,,,,,,,,,1e-06,,
161,165,CNN-262,500.0,0.9,0.999,,,,,cuda,0.1,1.0,0.9,,,,,1e-05,ExponentialLR,,"load_from_zoo(""Densenet161(10)_61eaf1c4_47.p"")",0.7,1.0,QHAdam,,,,10.0,mlxa/CNN,True,None,train_v1.bin,,val_v1.bin,1e-06,,
162,166,CNN-344,64.0,0.9,0.999,True,0.0,6.0,6.0,cuda,,2.0,,0.0,0.0572313442826271,0.0,0.2057749480009079,6.482802781013886e-05,,,M5(),0.7729341983795166,1.0,QHAdam,,,0.0,63.0,mlxa/CNN,True,None,train_v3.bin,False,val_v3.bin,7.293812864649484e-05,0.8841560482978821,0.6481791138648987
163,167,CNN-283,100.0,0.9,0.999,True,,,,cuda,0.1,200.0,,,,,,0.001,,,M7(),0.7,1.0,QHAdam,,,,100.0,mlxa/CNN,True,None,train_v1.bin,False,val_v2.bin,1e-06,0.5567204356193542,1.5371469259262085
164,168,CNN-334,512.0,0.9,0.999,True,0.0,30.0,10.0,cuda,,2.0,,0.0,0.0,0.0,0.0,0.0005697697605168,,,Resnet18(10),0.1864185035228729,0.9020223617553712,QHAdam,,,0.0,8.0,mlxa/CNN,True,None,train_v3.bin,False,val_v3.bin,2.4795994030888125e-05,0.7051011323928833,0.9269669651985168
165,169,CNN-128,,0.9,0.999,,,,,,0.1,50.0,0.9,,,,,0.002,,,,0.7,1.0,,,,,,,,,,,,1e-06,,
166,170,CNN-57,,,,,,,,,,,,,,,,,,,,,,,,,,,,,,,,,,,
167,171,CNN-215,200.0,0.9,0.999,,,,,cuda,0.1,10.0,0.95,,,,,0.001,ExponentialLR,,"load_from_zoo(""M7()_CNN-202_final.p"")",0.7,1.0,QHAdam,,,,,mlxa/CNN,True,None,train_v1.bin,,val_v1.bin,1e-06,0.9283000230789183,0.2481404840946197
168,172,CNN-13,,,,,,,,,,,,,,,,,,,,,,,,,,,,,,,,,,,
169,173,CNN-280,100.0,0.9,0.999,True,,,,cuda,0.1,50.0,,,,,,0.001,,,M7(),0.7,1.0,QHAdam,,,,100.0,mlxa/CNN,True,None,train_v2.bin,False,val_v2.bin,1e-06,0.2013171911239624,2.371784448623657
170,174,CNN-265,500.0,0.9,0.999,,,,,cuda,0.1,1.0,0.9,,,,,1e-05,ExponentialLR,,"load_from_zoo(""Densenet161(10)_61eaf1c4_47.p"")",0.7,1.0,QHAdam,,,,10.0,mlxa/CNN,True,None,train_v1.bin,,val_v1.bin,1e-06,,
171,175,CNN-332,64.0,0.9,0.999,True,1.0,5.0,2.0,cuda,,2.0,,0.0,0.0,0.0,0.0877838656306266,0.0010898078688161,,,M5(),0.1100153028964996,0.9017263650894164,QHAdam,,,0.0435957945883274,63.0,mlxa/CNN,True,None,train_v3.bin,False,val_v3.bin,7.432195328809444e-07,0.8793789744377136,0.4813926517963409
172,176,CNN-188,64.0,0.9,0.999,,,,,cpu,0.1,5.0,0.9,,,,,0.002,ExponentialLR,,M7S1(),0.7,1.0,QHAdam,,,,,mlxa/CNN,False,None,train_v2.bin,,val_v2.bin,1e-06,,
173,177,CNN-146,,,,,,,,,,,,,,,,,,,,,,,,,,,,,,,,,,,
174,178,CNN-64,,,,,,,,,,,,,,,,,,,,,,,,,,,,,,,,,,,
175,179,CNN-356,128.0,0.9,0.999,True,0.0,15.0,9.0,cuda,,2.0,,0.0,0.0,0.0,0.0,0.0210212500788216,,,M5(),0.3944166302680969,0.9954156875610352,QHAdam,,,0.0343336686491966,32.0,mlxa/CNN,True,None,train_v3.bin,False,val_v3.bin,1.3223327423207832e-06,0.8907239437103271,0.3675224184989929
176,180,CNN-29,,0.9,0.999,,,,,,0.1,50.0,0.95,,,,,0.01,,,,1.0,1.0,,,,,,,,,,,,1e-06,,
177,181,CNN-327,128.0,0.9,0.999,True,0.0,5.0,2.0,cuda,,2.0,,0.1527017503976822,0.0,0.0559742115437984,0.0005316146998666,0.0008248920056868,,,M5(),0.4653584957122803,0.9867525100708008,QHAdam,,,0.0,32.0,mlxa/CNN,True,None,train_v3.bin,False,val_v3.bin,1.2286439335276335e-06,0.8858782052993774,0.4759665429592132
178,182,CNN-329,512.0,0.9,0.999,True,0.0,1.0,0.0,cuda,,2.0,,0.0312559604644775,0.2211291342973709,0.0,0.1380542963743209,0.0003346894251957,,,M5(),0.2418406009674072,1.0,QHAdam,,,0.0597009323537349,8.0,mlxa/CNN,True,None,train_v3.bin,False,val_v3.bin,0.0003717673567128,0.716015636920929,1.054197907447815
179,183,CNN-245,500.0,0.9,0.999,,,,,cuda,0.1,50.0,,,,,,0.0001,OneCycleLR,0.001,"VotingEnsemble([load_from_zoo('M3()_#CNN-172_36.p'),load_from_zoo('M3()_#CNN-229_29.p'),load_from_zoo('M7()_61ead6cd_final.p'),load_from_zoo('M7()_61ead348_2.p')], [1, 1, 1, 1])",0.7,1.0,QHAdam,,,,10.0,mlxa/CNN,True,None,train_v1.bin,,val_v1.bin,1e-06,,
180,184,CNN-251,500.0,0.9,0.999,,,,,cuda,0.1,50.0,,,,,,0.0001,OneCycleLR,0.001,"VotingEnsemble([load_from_zoo('M3()_#CNN-172_36.p'),load_from_zoo('M3()_#CNN-229_29.p'),load_from_zoo('M7()_61ead6cd_final.p'),load_from_zoo('M7()_61ead348_2.p')], [1, 1, 1, 1])",0.7,1.0,QHAdam,,,,10.0,mlxa/CNN,True,None,train_v1.bin,,val_v1.bin,1e-06,,
181,185,CNN-79,,,,,,,,,,,,,,,,,,,,,,,,,,,,,,,,,,,
182,186,CNN-105,,0.9,0.999,,,,,,0.1,50.0,0.9,,,,,0.002,,,,0.7,1.0,,,,,,,,,,,,1e-06,,
183,187,CNN-288,100.0,0.9,0.999,True,,,,cuda,0.1,200.0,,,,,,0.0001,,,load_from_zoo('M7()_61ee9f5f_24.p'),0.7,1.0,QHAdam,0.2,0.8,,100.0,mlxa/CNN,True,None,train_v1.bin,True,val_v1.bin,1e-06,,
184,188,CNN-214,200.0,0.9,0.999,,,,,cuda,0.1,10.0,0.95,,,,,0.001,ExponentialLR,,"load_from_zoo(""M7()_CNN-202_final.p"")",0.7,1.0,QHAdam,,,,,mlxa/CNN,True,None,train_v1.bin,,val_v1.bin,1e-06,,
185,189,CNN-164,,,,,,,,,,,,,,,,,,,,,,,,,,,,,,,,,,,
186,190,CNN-206,200.0,0.9,0.999,,,,,cuda,0.1,10.0,,,,,,0.001,OneCycleLR,0.1,"load_from_zoo(""M7()_CNN-202_final.p"")",0.7,1.0,QHAdam,,,,,mlxa/CNN,True,None,train_v2.bin,,val_v2.bin,1e-06,,
187,191,CNN-151,,,,,,,,,,,,,,,,,,,,,,,,,,,,,,,,,,,
188,192,CNN-291,100.0,0.9,0.999,True,,,,cuda,0.1,200.0,,,,,,0.0001,,,load_from_zoo('M7()_61ee9f5f_24.p'),0.7,1.0,QHAdam,,,,100.0,mlxa/CNN,True,None,train_v1.bin,False,val_v1.bin,1e-06,,
189,193,CNN-301,64.0,0.9,0.999,True,0.0,6.0,4.0,cuda,,2.0,,0.0183390490710735,0.0,0.0221264790743589,0.0660754144191742,0.1,,,Resnet18(10),0.3234680891036987,0.9453732967376708,QHAdam,,,0.0,63.0,mlxa/CNN,True,None,train_v3.bin,False,val_v3.bin,1.6191485295079767e-06,0.1900875866413116,2.23933744430542
190,194,CNN-173,,,,,,,,,,,,,,,,,,,,,,,,,,,,,,,,,,,
191,195,CNN-22,,0.9,0.999,,,,,,0.1,50.0,0.95,,,,,0.01,,,,1.0,1.0,,,,,,,,,,,,1e-06,,
192,196,CNN-203,200.0,0.9,0.999,,,,,cuda,0.1,10.0,,,,,,0.001,OneCycleLR,0.1,"load_from_zoo(""M7()_CNN-202_final.p"")",0.7,1.0,QHAdam,,,,,mlxa/CNN,True,None,train_v1.bin,,val_v1.bin,1e-06,,
193,197,CNN-333,256.0,0.9,0.999,True,0.0,12.0,5.0,cuda,,2.0,,0.0,0.0,0.0,0.0,0.0003757520359276,,,M5(),0.7012745141983032,0.9231321215629578,QHAdam,,,0.0272675547748804,16.0,mlxa/CNN,True,None,train_v3.bin,False,val_v3.bin,3.504512928459081e-06,0.889453113079071,0.6321887373924255
194,198,CNN-213,64.0,0.9,0.999,,,,,cpu,0.1,5.0,,,,,,0.002,OneCycleLR,1.0,"load_from_zoo(""M7()_CNN-202_final.p"")",0.7,1.0,QHAdam,,,,,mlxa/CNN,True,None,train_v1.bin,,val_v1.bin,1e-06,,
195,199,CNN-80,,,,,,,,,,,,,,,,,,,,,,,,,,,,,,,,,,,
196,200,CNN-243,500.0,0.9,0.999,,,,,cuda,0.1,50.0,,,,,,0.0001,OneCycleLR,0.001,"VotingEnsemble(['load_from_zoo(M3()_#CNN-172_36.p)', 'load_from_zoo(M3()_#CNN-229_29.p)', 'load_from_zoo(M7()_61ead6cd_final.p)', 'load_from_zoo(M7()_61ead348_2.p)'], [1, 1, 1, 1])",0.7,1.0,QHAdam,,,,10.0,mlxa/CNN,True,None,train_v1.bin,,val_v1.bin,1e-06,,
197,201,CNN-325,1024.0,0.9,0.999,True,0.0,14.0,6.0,cuda,,2.0,,0.0134281860664486,0.0,0.0,0.0,0.0002632568246809,,,M5(),0.7360735535621643,1.0,QHAdam,,,0.0,4.0,mlxa/CNN,True,None,train_v3.bin,False,val_v3.bin,4.575293799921914e-05,0.7544881701469421,0.9637476205825806
198,202,CNN-11,,,,,,,,,,,,,,,,,,,,,,,,,,,,,,,,,,,
199,203,CNN-103,,0.9,0.999,,,,,,0.1,50.0,0.9,,,,,0.002,,,,0.7,1.0,,,,,,,,,,,,1e-06,,
200,204,CNN-66,,0.9,0.999,,,,,,0.1,50.0,0.9,,,,,0.002,,,,0.7,1.0,,,,,,,,,,,,1e-06,,
201,205,CNN-53,,,,,,,,,,,,,,,,,,,,,,,,,,,,,,,,,,,
202,206,CNN-374,256.0,0.9,0.999,True,0.0,3.0,1.0,cuda,,2.0,,0.0,0.0,0.1033045873045921,0.2026329338550567,0.000212000022481,,,M7(),0.3228268623352051,1.0,QHAdam,,,0.0163011886179447,16.0,mlxa/CNN,True,None,train_v3.bin,False,val_v3.bin,0.0020248235628061,0.84423828125,0.7596498131752014
203,207,CNN-276,1000.0,0.9,0.999,,,,,cuda,0.1,10.0,,,,,,0.001,,,"load_from_zoo(""MixedEnsemble()_61eb190e_final.p"")",0.7,1.0,QHAdam,,,,10.0,mlxa/CNN,True,test_v1.bin,train_v1.bin,,val_v1.bin,1e-06,,
204,208,CNN-285,100.0,0.9,0.999,True,,,,cuda,0.1,200.0,,,,,,0.001,,,load_from_zoo('M7()_61eadb09_6.p'),0.7,1.0,QHAdam,0.5,0.5,,100.0,mlxa/CNN,True,None,train_v1.bin,True,val_v2.bin,1e-06,0.5744085907936096,1.854553699493408
205,209,CNN-48,,,,,,,,,,,,,,,,,,,,,,,,,,,,,,,,,,,
206,210,CNN-76,,,,,,,,,,,,,,,,,,,,,,,,,,,,,,,,,,,
207,211,CNN-145,,,,,,,,,,,,,,,,,,,,,,,,,,,,,,,,,,,
208,212,CNN-179,,0.9,0.999,,,,,,0.1,50.0,0.9,,,,,0.002,,,,0.7,1.0,,,,,,,,,,,,1e-06,,
209,213,CNN-303,32.0,0.9,0.999,True,0.0,16.0,4.0,cpu,,2.0,,0.0275094863027334,0.0,0.0158288720995187,0.055003173649311,0.0051351165872186,,,M7(),0.3038780391216278,0.9412362575531006,QHAdam,,,0.0,125.0,mlxa/CNN,True,None,train_v3.bin,False,val_v3.bin,3.440813615446749e-06,,
210,214,CNN-267,500.0,0.9,0.999,,,,,cuda,0.1,1.0,0.9,,,,,1e-05,ExponentialLR,,"load_from_zoo(""Densenet161(10)_61eaf1c4_47.p"")",0.7,1.0,QHAdam,,,,10.0,mlxa/CNN,True,None,train_v1.bin,,val_v1.bin,1e-06,,
211,215,CNN-135,,0.9,0.999,,,,,,0.1,50.0,0.9,,,,,0.002,,,,0.7,1.0,,,,,,,,,,,,1e-06,,
212,216,CNN-189,64.0,0.9,0.999,,,,,cpu,0.1,5.0,0.9,,,,,0.002,ExponentialLR,,M7S1(),0.7,1.0,QHAdam,,,,,mlxa/CNN,False,None,train_v2.bin,,val_v2.bin,1e-06,,
213,217,CNN-87,,,,,,,,,,,,,,,,,,,,,,,,,,,,,,,,,,,
214,218,CNN-167,,,,,,,,,,,,,,,,,,,,,,,,,,,,,,,,,,,
215,220,CNN-41,,,,,,,,,,,,,,,,,,,,,,,,,,,,,,,,,,,
216,221,CNN-120,,,,,,,,,,,,,,,,,,,,,,,,,,,,,,,,,,,
217,222,CNN-186,64.0,0.9,0.999,,,,,cpu,0.1,5.0,0.9,,,,,0.002,ExponentialLR,,M7S1(),0.7,1.0,QHAdam,,,,,mlxa/CNN,False,None,train_v2.bin,,val_v2.bin,1e-06,,
218,223,CNN-220,2000.0,0.9,0.999,,,,,cuda,0.1,10.0,,,,,,0.0001,OneCycleLR,0.001,"load_from_zoo(""M7()_61eacf91_1.p"")",0.7,1.0,QHAdam,,,,5.0,mlxa/CNN,True,None,train_v1.bin,,val_v1.bin,1e-06,,
219,224,CNN-84,,,,,,,,,,,,,,,,,,,,,,,,,,,,,,,,,,,
220,225,CNN-62,,,,,,,,,,,,,,,,,,,,,,,,,,,,,,,,,,,
221,226,CNN-228,2000.0,0.9,0.999,,,,,cuda,0.1,20.0,,,,,,0.001,OneCycleLR,0.01,"load_from_zoo(""M5()_61ead8a7_17.p"")",0.7,1.0,QHAdam,,,,5.0,mlxa/CNN,True,None,train_v1.bin,,val_v1.bin,1e-06,0.9166000485420228,0.4439787566661834
222,227,CNN-250,500.0,0.9,0.999,,,,,cuda,0.1,50.0,,,,,,0.0001,OneCycleLR,0.001,"VotingEnsemble([load_from_zoo('M3()_#CNN-172_36.p'),load_from_zoo('M3()_#CNN-229_29.p'),load_from_zoo('M7()_61ead6cd_final.p'),load_from_zoo('M7()_61ead348_2.p')], [1, 1, 1, 1])",0.7,1.0,QHAdam,,,,10.0,mlxa/CNN,True,None,train_v1.bin,,val_v1.bin,1e-06,,
223,228,CNN-7,,,,,,,,,,,,,,,,,,,,,,,,,,,,,,,,,,0.1903,2.230839817387283
224,229,CNN-138,,0.9,0.999,,,,,,0.1,50.0,0.9,,,,,0.002,,,,0.7,1.0,,,,,,,,,,,,1e-06,,
225,230,CNN-121,,,,,,,,,,,,,,,,,,,,,,,,,,,,,,,,,,,
226,231,CNN-278,100.0,0.9,0.999,True,,,,cuda,0.1,20.0,,,,,,0.001,,,M7(),0.7,1.0,QHAdam,0.6,0.6,,100.0,mlxa/CNN,True,None,train_v2.bin,True,val_v2.bin,1e-06,0.1469623744487762,2.293230533599853
227,232,CNN-107,,0.9,0.999,,,,,,0.1,50.0,0.9,,,,,0.002,,,,0.7,1.0,,,,,,,,,,,,1e-06,,
228,233,CNN-367,512.0,0.9,0.999,True,0.0,4.0,2.0,cuda,,2.0,,0.1560547202825546,0.0,0.0773870572447776,0.0,0.0947078961935432,,,M7(),0.6245176196098328,1.0,QHAdam,,,0.094380035996437,8.0,mlxa/CNN,True,None,train_v3.bin,False,val_v3.bin,7.023125634911097e-06,0.659639298915863,1.1314597129821775
229,234,CNN-205,200.0,0.9,0.999,,,,,cuda,0.1,10.0,,,,,,0.001,OneCycleLR,0.1,M7(),0.7,1.0,QHAdam,,,,,mlxa/CNN,True,None,train_v2.bin,,val_v2.bin,1e-06,0.1131170541048049,5.350009441375732
230,235,CNN-358,1024.0,0.9,0.999,True,0.0,22.0,7.0,cuda,,2.0,,0.0,0.033485647290945,0.0,0.0279392097145319,0.0009493154628137,,,M7(),0.4421578347682953,1.0,QHAdam,,,0.0,4.0,mlxa/CNN,True,None,train_v3.bin,False,val_v3.bin,2.043370316598514e-06,0.3791274726390838,1.8823267221450808
231,236,CNN-165,,,,,,,,,,,,,,,,,,,,,,,,,,,,,,,,,,,
232,237,CNN-134,,0.9,0.999,,,,,,0.1,50.0,0.9,,,,,0.002,,,,0.7,1.0,,,,,,,,,,,,1e-06,,
233,238,CNN-14,,0.9,0.999,,,,,,0.1,50.0,0.95,,,,,0.01,,,,1.0,1.0,,,,,,,,,,,,1e-06,,
234,239,CNN-67,,0.9,0.999,,,,,,0.1,50.0,0.9,,,,,0.002,,,,0.7,1.0,,,,,,,,,,,,1e-06,,
235,240,CNN-177,,0.9,0.999,,,,,,0.1,5.0,1.3,,,,,1e-06,,,,0.7,1.0,,,,,,,,,,,,1e-06,,
236,241,CNN-217,2048.0,0.9,0.999,,,,,cuda,0.1,10.0,0.95,,,,,0.001,ExponentialLR,,"load_from_zoo(""M7()_61eacd10_8.p"")",0.7,1.0,QHAdam,,,,,mlxa/CNN,True,None,train_v1.bin,,val_v1.bin,1e-06,0.9314910769462584,0.2377762049436569
237,242,CNN-180,,0.9,0.999,,,,,,0.1,5.0,1.3,,,,,1e-06,,,,0.7,1.0,,,,,,,,,,,,1e-06,,
238,243,CNN-261,500.0,0.9,0.999,,,,,cuda,0.1,1.0,0.9,,,,,1e-05,ExponentialLR,,"load_from_zoo(""Densenet161(10)_61eaf1c4_47.p"")",0.7,1.0,QHAdam,,,,10.0,mlxa/CNN,True,None,train_v1.bin,,val_v1.bin,1e-06,,
239,244,CNN-316,1024.0,0.9,0.999,True,0.0,13.0,8.0,cuda,,2.0,,0.0,0.0,0.1535236239433288,0.1238566860556602,0.0005190269798762,,,M7(),0.5967103242874146,1.0,QHAdam,,,0.0,4.0,mlxa/CNN,True,None,train_v3.bin,False,val_v3.bin,0.0011936280358476,,
240,245,CNN-277,100.0,0.9,0.999,True,,,,cuda,0.1,50.0,,,,,,0.001,,,M7(),0.7,1.0,QHAdam,0.6,0.6,,100.0,mlxa/CNN,True,None,train_v2.bin,True,val_v2.bin,1e-06,0.1840860545635223,2.491468906402588
241,246,CNN-3,,,,,,,,,,,,,,,,,,,,,,,,,,,,,,,,,,,
242,247,CNN-380,256.0,0.9,0.999,True,1.0,16.0,6.0,cuda,,2.0,,0.1235299706459045,0.0,0.0,0.0044387285597622,0.0131243593371777,,,M7(),0.7962427139282227,1.0,QHAdam,,,0.056032445281744,16.0,mlxa/CNN,True,None,train_v3.bin,False,val_v3.bin,0.0028258709485908,0.4880859553813934,1.67379629611969
243,248,CNN-202,200.0,0.9,0.999,,,,,cuda,0.1,10.0,,,,,,0.001,OneCycleLR,0.1,M7(),0.7,1.0,QHAdam,,,,,mlxa/CNN,True,None,train_v1.bin,,val_v1.bin,1e-06,0.9036000370979308,0.3254044353961944
244,249,CNN-5,,,,,,,,,,,,,,,,,,,,,,,,,,,,,,,,,,0.1903,2.2412324498413474
245,250,CNN-157,,,,,,,,,,,,,,,,,,,,,,,,,,,,,,,,,,,
246,251,CNN-360,512.0,0.9,0.999,True,0.0,0.0,0.0,cuda,,2.0,,0.0,0.0002172125532524,0.0,0.2054326832294464,0.0136195059298768,,,Resnet18(10),0.6937283277511597,0.8559564352035522,QHAdam,,,0.0,8.0,mlxa/CNN,True,None,train_v3.bin,False,val_v3.bin,0.0004923153054402,0.5083927512168884,1.4914535284042358
247,252,CNN-371,128.0,0.9,0.999,True,0.0,0.0,0.0,cuda,,2.0,,0.1000081300735473,0.0544450245797634,0.0,0.0984606146812439,0.0005485823599568,,,Resnet18(10),0.1704022884368896,1.0,QHAdam,,,0.041982676833868,32.0,mlxa/CNN,True,None,train_v3.bin,False,val_v3.bin,7.579983072593149e-06,0.8159612417221069,0.635393500328064
248,253,CNN-158,,,,,,,,,,,,,,,,,,,,,,,,,,,,,,,,,,,
249,254,CNN-195,64.0,0.9,0.999,,,,,cuda,0.1,100.0,,,,,,0.0001,OneCycleLR,0.001,M7S1(),0.7,1.0,QHAdam,,,,,mlxa/CNN,True,None,train_v2.bin,,val_v2.bin,1e-06,0.1488210707902908,2.392409324645996
250,255,CNN-264,500.0,0.9,0.999,,,,,cuda,0.1,1.0,0.9,,,,,1e-05,ExponentialLR,,"load_from_zoo(""Densenet161(10)_61eaf1c4_47.p"")",0.7,1.0,QHAdam,,,,10.0,mlxa/CNN,True,None,train_v1.bin,,val_v1.bin,1e-06,,
251,256,CNN-372,512.0,0.9,0.999,True,0.0,0.0,0.0,cuda,,2.0,,0.0101063167676329,0.0964644774794578,0.0,0.0,0.0001641267778055,,,M7(),0.6620112061500549,1.0,QHAdam,,,0.0,8.0,mlxa/CNN,True,None,train_v3.bin,False,val_v3.bin,1.64602665214565e-05,0.824902355670929,0.7996801733970642
252,257,CNN-118,,,,,,,,,,,,,,,,,,,,,,,,,,,,,,,,,,,
253,258,CNN-78,,,,,,,,,,,,,,,,,,,,,,,,,,,,,,,,,,,
254,259,CNN-124,,,,,,,,,,,,,,,,,,,,,,,,,,,,,,,,,,,
255,260,CNN-176,,0.9,0.999,,,,,,0.1,50.0,0.9,,,,,0.002,,,,0.7,1.0,,,,,,,,,,,,1e-06,,
256,261,CNN-238,500.0,0.9,0.999,,,,,cuda,0.1,50.0,,,,,,0.0001,OneCycleLR,0.001,"VotingEnsemble(['load_from_zoo(M3()_#CNN-172_36.p)', 'load_from_zoo(M3()_#CNN-229_29.p)', 'load_from_zoo(M7()_61ead6cd_final.p)', 'load_from_zoo(M7()_61ead348_2.p)'], True",0.7,1.0,QHAdam,,,,10.0,mlxa/CNN,True,None,train_v1.bin,,val_v1.bin,1e-06,,
257,262,CNN-369,128.0,0.9,0.999,True,0.0,13.0,7.0,cuda,,2.0,,0.0,0.0175858009606599,0.1589431166648864,0.1230947375297546,0.0037095249334693,,,M5(),0.2484830617904663,0.8494909405708313,QHAdam,,,0.0,32.0,mlxa/CNN,True,None,train_v3.bin,False,val_v3.bin,1.1965160525342655e-05,0.8956685066223145,0.3807185888290405
258,263,CNN-35,,0.9,0.999,,,,,,0.1,50.0,0.95,,,,,0.01,,,,1.0,1.0,,,,,,,,,,,,1e-06,,
259,264,CNN-38,,,,,,,,,,,,,,,,,,,,,,,,,,,,,,,,,,,
260,265,CNN-42,,,,,,,,,,,,,,,,,,,,,,,,,,,,,,,,,,,
261,266,CNN-209,64.0,0.9,0.999,,,,,cpu,0.1,5.0,,,,,,0.002,OneCycleLR,1.0,Dummy(),0.7,1.0,QHAdam,,,,,mlxa/CNN,True,None,train_v2.bin,,val_v2.bin,1e-06,0.1635376363992691,81.546142578125
262,267,CNN-183,64.0,0.9,0.999,,,,,cpu,0.1,5.0,0.9,,,,,0.002,ExponentialLR,,M7S1(),0.7,1.0,QHAdam,,,,,mlxa/CNN,False,None,train_v2.bin,,val_v2.bin,1e-06,,
263,268,CNN-171,,,,,,,,,,,,,,,,,,,,,,,,,,,,,,,,,,,
264,269,CNN-65,,0.9,0.999,,,,,,0.1,50.0,0.95,,,,,0.01,,,,1.0,1.0,,,,,,,,,,,,1e-06,0.1846138536930084,4.130412578582764
265,270,CNN-275,500.0,0.9,0.999,,,,,cuda,0.1,10.0,0.9,,,,,0.0001,ExponentialLR,,"load_from_zoo(""Densenet161(10)_61eb0a80_0.p"")",0.7,1.0,QHAdam,,,,10.0,mlxa/CNN,True,None,train_v1.bin,,val_v1.bin,1e-06,0.9284001588821412,0.2830833494663238
266,271,CNN-125,,,,,,,,,,,,,,,,,,,,,,,,,,,,,,,,,,,
267,272,CNN-231,1000.0,0.9,0.999,,,,,cuda,0.1,50.0,,,,,,0.0001,OneCycleLR,0.001,Densenet121(10),0.7,1.0,QHAdam,,,,10.0,mlxa/CNN,True,None,train_v1.bin,,val_v1.bin,1e-06,0.6768000721931458,0.979258954524994
268,273,CNN-160,,,,,,,,,,,,,,,,,,,,,,,,,,,,,,,,,,,
269,274,CNN-43,,,,,,,,,,,,,,,,,,,,,,,,,,,,,,,,,,,
270,275,CNN-193,64.0,0.9,0.999,,,,,cpu,0.1,5.0,0.9,,,,,0.002,ExponentialLR,,M7S1(),0.7,1.0,QHAdam,,,,,mlxa/CNN,False,None,train_v2.bin,,val_v2.bin,1e-06,0.1457727700471878,2.2968637943267822
271,276,CNN-115,,,,,,,,,,,,,,,,,,,,,,,,,,,,,,,,,,,
272,277,CNN-242,500.0,0.9,0.999,,,,,cuda,0.1,50.0,,,,,,0.0001,OneCycleLR,0.001,"VotingEnsemble(['load_from_zoo(M3()_#CNN-172_36.p)', 'load_from_zoo(M3()_#CNN-229_29.p)', 'load_from_zoo(M7()_61ead6cd_final.p)', 'load_from_zoo(M7()_61ead348_2.p)'], [1, 1, 1, 1])",0.7,1.0,QHAdam,,,,10.0,mlxa/CNN,True,None,train_v1.bin,,val_v1.bin,1e-06,,
273,278,CNN-182,64.0,0.9,0.999,,,,,cpu,0.1,5.0,0.9,,,,,0.002,ExponentialLR,,M7S1(),0.7,1.0,QHAdam,,,,,mlxa/CNN,False,None,train_v2.bin,,val_v2.bin,1e-06,,
274,280,CNN-247,500.0,0.9,0.999,,,,,cuda,0.1,50.0,,,,,,0.0001,OneCycleLR,0.001,"VotingEnsemble([load_from_zoo('M3()_#CNN-172_36.p'),load_from_zoo('M3()_#CNN-229_29.p'),load_from_zoo('M7()_61ead6cd_final.p'),load_from_zoo('M7()_61ead348_2.p')], [1, 1, 1, 1])",0.7,1.0,QHAdam,,,,10.0,mlxa/CNN,True,None,train_v1.bin,,val_v1.bin,1e-06,,
275,281,CNN-9,,,,,,,,,,,,,,,,,,,,,,,,,,,,,,,,,,0.9292,0.273363075675858
276,282,CNN-199,200.0,0.9,0.999,,,,,cuda,0.1,100.0,,,,,,0.0001,ExponentialLR,3.1622776601683795,M7(),0.7,1.0,QHAdam,,,,,mlxa/CNN,True,None,train_v1.bin,,val_v2.bin,1e-06,,
277,283,CNN-198,500.0,0.9,0.999,,,,,cuda,0.1,100.0,,,,,,0.0001,OneCycleLR,0.001,M7(),0.7,1.0,QHAdam,,,,,mlxa/CNN,True,None,train_v1.bin,,val_v2.bin,1e-06,0.4772722721099853,1.6111059188842771
278,284,CNN-166,,,,,,,,,,,,,,,,,,,,,,,,,,,,,,,,,,,
279,285,CNN-33,,0.9,0.999,,,,,,0.1,50.0,0.95,,,,,0.01,,,,1.0,1.0,,,,,,,,,,,,1e-06,0.1900875866413116,6.28449296951294
280,286,CNN-74,,0.9,0.999,,,,,,0.1,50.0,0.9,,,,,0.002,,,,0.7,1.0,,,,,,,,,,,,1e-06,0.9358081221580504,0.2528631687164306
281,287,CNN-379,128.0,0.9,0.999,True,0.0,9.0,6.0,cuda,,2.0,,0.0,0.0539976134896278,0.0,0.0106209507212042,1.6904360020258264e-05,,,Resnet18(10),0.56233811378479,0.9127750396728516,QHAdam,,,0.1329800337553024,32.0,mlxa/CNN,True,None,train_v3.bin,False,val_v3.bin,6.998408895111646e-05,0.4984177350997925,1.4925413131713867
282,288,CNN-141,,0.9,0.999,,,,,,0.1,50.0,0.9,,,,,0.002,,,,0.7,1.0,,,,,,,,,,,,1e-06,,
283,289,CNN-223,2000.0,0.9,,,,,,cuda,0.0,10.0,,,,,,0.0001,OneCycleLR,0.001,"load_from_zoo(""M7()_61ead348_2.p"")",,,SGD,,,,5.0,mlxa/CNN,True,None,train_v1.bin,,val_v1.bin,1e-06,0.9350000619888306,0.2279492616653442
284,290,CNN-362,32.0,0.9,0.999,True,0.0,15.0,8.0,cuda,,2.0,,0.0722682848572731,0.0576783493161201,0.0900004729628562,0.0,0.0015641588736101,,,M7(),0.4824469685554504,0.9671357870101928,QHAdam,,,0.0219883862882852,125.0,mlxa/CNN,True,None,train_v3.bin,False,val_v3.bin,5.238739907372344e-05,0.8934704065322876,0.3790297210216522
285,291,CNN-86,,,,,,,,,,,,,,,,,,,,,,,,,,,,,,,,,,,
286,292,CNN-162,,,,,,,,,,,,,,,,,,,,,,,,,,,,,,,,,,,
287,293,CNN-1,,,,,,,,,,,,,,,,,,,,,,,,,,,,,,,,,,,
288,294,CNN-315,32.0,0.9,0.999,True,0.0,0.0,0.0,cuda,,2.0,,0.0,0.0730936676263809,0.1586112678050995,0.0215207524597644,0.1,,,M5(),0.2659387588500976,1.0,QHAdam,,,0.0,125.0,mlxa/CNN,True,None,train_v3.bin,False,val_v3.bin,0.000672433151733,0.0677915289998054,12.592453002929688
289,295,CNN-351,256.0,0.9,0.999,True,0.0,1.0,1.0,cuda,,2.0,,0.0,0.0,0.0522708408534526,0.0651276558637619,0.0020722311514913,,,Resnet18(10),0.3289009928703308,0.9971046447753906,QHAdam,,,0.0008101197890937,16.0,mlxa/CNN,True,None,train_v3.bin,False,val_v3.bin,0.000757384355234,0.829296886920929,0.5523197054862976
290,296,CNN-181,,0.9,0.999,,,,,,0.1,5.0,0.9,,,,,0.002,,,,0.7,1.0,,,,,,,,,,,,1e-06,,
291,297,CNN-306,1024.0,0.9,0.999,True,0.0,11.0,6.0,cuda,,2.0,,0.0,0.0,0.0449745953083038,0.0561977438628673,0.0071882815653807,,,M5(),0.5804262161254883,0.8917773365974426,QHAdam,,,0.0764016881585121,4.0,mlxa/CNN,True,None,train_v3.bin,False,val_v3.bin,0.0005006035038741,0.6598712801933289,1.1260836124420166
292,298,CNN-131,,0.9,0.999,,,,,,0.1,50.0,0.9,,,,,0.002,,,,0.7,1.0,,,,,,,,,,,,1e-06,,
293,299,CNN-20,,0.9,0.999,,,,,,0.1,50.0,0.95,,,,,0.01,,,,1.0,1.0,,,,,,,,,,,,1e-06,,
294,300,CNN-381,64.0,0.9,0.999,True,0.0,12.0,8.0,cuda,,2.0,,0.0,0.0,0.0,0.0,4.716576683487444e-05,,,Resnet18(10),0.3985233902931213,1.0,QHAdam,,,0.0,63.0,mlxa/CNN,True,None,train_v3.bin,False,val_v3.bin,0.0004115248784153,0.7827428579330444,0.673312246799469
295,301,CNN-112,,,,,,,,,,,,,,,,,,,,,,,,,,,,,,,,,,,
296,302,CNN-336,32.0,0.9,0.999,True,0.0,0.0,0.0,cuda,,2.0,,0.0566761307418346,0.0,0.0838322564959526,0.0644775852560997,0.0002133295502487,,,M7(),0.7289612889289856,1.0,QHAdam,,,0.022282114252448,125.0,mlxa/CNN,True,None,train_v3.bin,False,val_v3.bin,6.71646580658549e-05,0.8967651724815369,0.4932840168476105
297,303,CNN-143,,,,,,,,,,,,,,,,,,,,,,,,,,,,,,,,,,,
298,304,CNN-352,1024.0,0.9,0.999,True,0.0,19.0,8.0,cuda,,2.0,,0.037188034504652,0.0210255365818738,0.0499492399394512,0.0,0.0045489589307192,,,Resnet18(10),0.3339914679527282,0.8,QHAdam,,,0.176991268992424,4.0,mlxa/CNN,True,None,train_v3.bin,False,val_v3.bin,3.060579071102517e-05,0.3918427228927612,2.686396837234497
299,305,CNN-258,500.0,0.9,0.999,,,,,cpu,0.1,50.0,,,,,,0.0001,OneCycleLR,0.001,"VotingEnsemble([load_from_zoo('M7()_61ead6cd_final.p'),load_from_zoo('M7()_61ead348_2.p')], [1, 1])",0.7,1.0,QHAdam,,,,10.0,mlxa/CNN,True,None,train_v1.bin,,val_v1.bin,1e-06,,
300,306,CNN-89,,,,,,,,,,,,,,,,,,,,,,,,,,,,,,,,,,,
301,307,CNN-159,,,,,,,,,,,,,,,,,,,,,,,,,,,,,,,,,,,
302,308,CNN-338,64.0,0.9,0.999,True,0.0,3.0,2.0,cuda,,2.0,,0.0,0.0,0.0,0.0,0.0007762473041318,,,Resnet18(10),0.4758460819721222,1.0,QHAdam,,,0.0027362839318811,63.0,mlxa/CNN,True,None,train_v3.bin,False,val_v3.bin,1.4932346381248302e-06,0.8750995397567749,0.4034904241561889
303,309,CNN-293,100.0,0.9,0.999,True,,,,cuda,0.1,200.0,,,,,,0.0001,,,load_from_zoo('M7()_61ee9f5f_24.p'),0.7,1.0,QHAdam,0.5,0.5,,100.0,mlxa/CNN,True,None,train_v1.bin,True,val_v1.bin,1e-06,0.9172000885009766,0.2995859980583191
304,310,CNN-169,,,,,,,,,,,,,,,,,,,,,,,,,,,,,,,,,,,
305,311,CNN-254,500.0,0.9,0.999,,,,,cuda,0.1,50.0,0.9,,,,,0.001,ExponentialLR,,"load_from_zoo(""Densenet161(10)_61eaf1c4_47.p"")",0.7,1.0,QHAdam,,,,10.0,mlxa/CNN,True,None,train_v1.bin,,val_v1.bin,1e-06,,
306,312,CNN-340,32.0,0.9,0.999,True,2.0,12.0,7.0,cuda,,2.0,,0.0,0.0,0.0,0.0,2.5309640719904163e-05,,,M7(),0.4006052315235138,0.9907997250556946,QHAdam,,,0.0,125.0,mlxa/CNN,True,None,train_v3.bin,False,val_v3.bin,0.0001884561786185,0.828174889087677,0.7291699051856995
307,313,CNN-73,,,,,,,,,,,,,,,,,,,,,,,,,,,,,,,,,,,
308,314,CNN-302,64.0,0.9,0.999,True,0.0,0.0,0.0,cuda,,2.0,,0.0320953428745269,0.0259627141058444,0.0249650459736585,0.0,0.0004080099976939,,,M7(),0.5080759525299072,0.8703485727310181,QHAdam,,,0.0460521876811981,63.0,mlxa/CNN,True,None,train_v3.bin,False,val_v3.bin,8.965701316176398e-05,0.8947054147720337,0.4710831046104431
309,315,CNN-149,,,,,,,,,,,,,,,,,,,,,,,,,,,,,,,,,,,
310,316,CNN-308,1024.0,0.9,0.999,True,2.0,8.0,4.0,cuda,,2.0,,0.0,0.0651298910379409,0.0,0.0,0.0036524570311215,,,M7(),0.3791994452476501,1.0,QHAdam,,,0.0607653856277465,4.0,mlxa/CNN,True,None,train_v3.bin,False,val_v3.bin,0.0023264066408171,0.4719766676425934,1.6052979230880735
311,317,CNN-320,128.0,0.9,0.999,True,1.0,2.0,0.0,cuda,,2.0,,0.1957800984382629,0.0,0.0,0.0099316444247961,0.0006796214006975,,,M7(),0.6311416029930115,0.8604521751403809,QHAdam,,,0.0,32.0,mlxa/CNN,True,None,train_v3.bin,False,val_v3.bin,4.297047237037266e-06,0.8947784900665283,0.4543951749801636
312,318,CNN-19,,0.9,0.999,,,,,,0.1,50.0,0.95,,,,,0.01,,,,1.0,1.0,,,,,,,,,,,,1e-06,,
313,319,CNN-93,,,,,,,,,,,,,,,,,,,,,,,,,,,,,,,,,,,
314,320,CNN-227,2000.0,0.9,0.999,,,,,cuda,0.1,50.0,,,,,,0.0001,OneCycleLR,0.001,"load_from_zoo(""M7()_61ead6cd_final.p"")",0.7,1.0,QHAdam,,,,5.0,mlxa/CNN,True,None,train_v1.bin,,val_v1.bin,1e-06,0.9341999888420104,0.2298263609409332
315,321,CNN-81,,,,,,,,,,,,,,,,,,,,,,,,,,,,,,,,,,,
316,322,CNN-279,100.0,0.9,0.999,True,,,,cuda,0.1,200.0,,,,,,0.001,,,M7(),0.7,1.0,QHAdam,0.6,0.6,,100.0,mlxa/CNN,True,None,train_v2.bin,True,val_v2.bin,1e-06,0.2259408831596374,2.748964309692383
317,323,CNN-365,256.0,0.9,0.999,True,1.0,14.0,11.0,cuda,,2.0,,0.0196904260665178,0.0340745486319065,0.0,0.0,0.0019567308219706,,,M7(),0.4581373929977417,1.0,QHAdam,,,0.0206737425178289,16.0,mlxa/CNN,True,None,train_v3.bin,False,val_v3.bin,0.0001864554347351,0.8392578363418579,0.5581548810005188
318,324,CNN-32,,0.9,0.999,,,,,,0.1,50.0,0.95,,,,,0.01,,,,1.0,1.0,,,,,,,,,,,,1e-06,0.1464968174695968,10.238865852355955
319,325,CNN-114,,,,,,,,,,,,,,,,,,,,,,,,,,,,,,,,,,,
320,326,CNN-155,,,,,,,,,,,,,,,,,,,,,,,,,,,,,,,,,,,
321,327,CNN-28,,0.9,0.999,,,,,,0.1,50.0,0.95,,,,,0.01,,,,1.0,1.0,,,,,,,,,,,,1e-06,,
322,328,CNN-359,512.0,0.9,0.999,True,0.0,0.0,0.0,cuda,,2.0,,0.0942006185650825,0.0111582614481449,0.0,0.1297451108694076,0.0049332905240895,,,Resnet18(10),0.4864488840103149,1.0,QHAdam,,,0.0,8.0,mlxa/CNN,True,None,train_v3.bin,False,val_v3.bin,0.0005808182202422,0.4361557960510254,3.002947330474853
323,329,CNN-148,,,,,,,,,,,,,,,,,,,,,,,,,,,,,,,,,,,
324,330,CNN-347,32.0,0.9,0.999,True,0.0,15.0,6.0,cuda,,2.0,,0.0,0.0110627440735697,0.027527991682291,0.0439855642616748,0.0051415706753558,,,M7(),0.2949846684932709,0.8,QHAdam,,,0.1112431660294532,125.0,mlxa/CNN,True,None,train_v3.bin,False,val_v3.bin,1.4357103197185813e-05,0.8863817453384399,0.3884295225143432
325,331,CNN-40,,,,,,,,,,,,,,,,,,,,,,,,,,,,,,,,,,,
326,332,CNN-219,2000.0,0.9,0.999,,,,,cuda,0.1,10.0,0.95,,,,,0.0001,ExponentialLR,,"load_from_zoo(""M7()_61eacf91_1.p"")",0.7,1.0,QHAdam,,,,5.0,mlxa/CNN,True,None,train_v1.bin,,val_v1.bin,1e-06,0.9279000163078308,0.2569533884525299
327,333,CNN-24,,0.9,0.999,,,,,,0.1,50.0,0.95,,,,,0.01,,,,1.0,1.0,,,,,,,,,,,,1e-06,,
328,334,CNN-21,,0.9,0.999,,,,,,0.1,50.0,0.95,,,,,0.01,,,,1.0,1.0,,,,,,,,,,,,1e-06,,
329,335,CNN-77,,,,,,,,,,,,,,,,,,,,,,,,,,,,,,,,,,,
330,336,CNN-287,100.0,0.9,0.999,True,,,,cuda,0.1,200.0,,,,,,0.0001,,,load_from_zoo('M7()_61ee9f5f_24.p'),0.7,1.0,QHAdam,0.5,0.5,,100.0,mlxa/CNN,True,None,train_v1.bin,True,val_v1.bin,1e-06,0.9311997890472412,0.310613214969635
331,337,CNN-174,,,,,,,,,,,,,,,,,,,,,,,,,,,,,,,,,,,
332,338,CNN-90,,,,,,,,,,,,,,,,,,,,,,,,,,,,,,,,,,,
333,339,CNN-364,512.0,0.9,0.999,True,0.0,7.0,3.0,cuda,,2.0,,0.0,0.1541651338338852,0.0,0.0,0.0003645884145681,,,M5(),0.7205780744552612,0.9144394397735596,QHAdam,,,0.0,8.0,mlxa/CNN,True,None,train_v3.bin,False,val_v3.bin,0.0002393989588014,0.8761488795280457,0.6860443949699402
334,340,CNN-236,500.0,0.9,0.999,,,,,cuda,0.1,50.0,,,,,,0.0001,OneCycleLR,0.001,WideResnet50(10),0.7,1.0,QHAdam,,,,10.0,mlxa/CNN,True,None,train_v1.bin,,val_v1.bin,1e-06,0.828700065612793,0.5405305027961731
335,341,CNN-10,,,,,,,,,,,,,,,,,,,,,,,,,,,,,,,,,,,
336,342,CNN-17,,0.9,0.999,,,,,,0.1,50.0,0.95,,,,,0.01,,,,1.0,1.0,,,,,,,,,,,,1e-06,,
337,343,CNN-284,100.0,0.9,0.999,True,,,,cuda,0.1,200.0,,,,,,0.001,,,M7(),0.7,1.0,QHAdam,0.6,0.6,,100.0,mlxa/CNN,True,None,train_v1.bin,True,val_v2.bin,1e-06,0.5954301357269287,1.840132594108581
338,344,CNN-319,128.0,0.9,0.999,True,1.0,13.0,7.0,cuda,,2.0,,0.0,0.0677809864282608,0.0,0.0,0.0059943539860394,,,Resnet18(10),0.2522998452186584,0.8899053931236267,QHAdam,,,0.0,32.0,mlxa/CNN,True,None,train_v3.bin,False,val_v3.bin,0.0005640213796604,0.7847112417221069,0.7062179446220398
339,345,CNN-15,,0.9,0.999,,,,,,0.1,50.0,0.95,,,,,0.01,,,,1.0,1.0,,,,,,,,,,,,1e-06,,
340,346,CNN-256,500.0,0.9,0.999,,,,,cpu,0.1,50.0,,,,,,0.0001,OneCycleLR,0.001,"VotingEnsemble([load_from_zoo('M7()_61ead6cd_final.p'),load_from_zoo('M7()_61ead348_2.p')], [1, 1])",0.7,1.0,QHAdam,,,,10.0,mlxa/CNN,True,None,train_v1.bin,,val_v1.bin,1e-06,,
341,347,CNN-330,1024.0,0.9,0.999,True,0.0,13.0,7.0,cuda,,2.0,,0.0,0.0,0.0886056423187255,0.0,0.0012662807436276,,,Resnet18(10),0.6676597595214844,1.0,QHAdam,,,0.0259543806314468,4.0,mlxa/CNN,True,None,train_v3.bin,False,val_v3.bin,0.0001529575044496,0.6436583399772644,1.1087607145309448
342,348,CNN-207,200.0,0.9,0.999,,,,,cuda,0.1,10.0,,,,,,0.001,OneCycleLR,0.1,"load_from_zoo(""M7()_CNN-202_final.p"")",0.7,1.0,QHAdam,,,,,mlxa/CNN,True,None,train_v2.bin,,val_v2.bin,1e-06,,
343,349,CNN-201,200.0,0.9,0.999,,,,,cuda,0.1,100.0,3.1622776601683795,,,,,0.0001,ExponentialLR,,M7(),0.7,1.0,QHAdam,,,,,mlxa/CNN,True,None,train_v1.bin,,val_v1.bin,1e-06,0.0782999917864799,103227.3203125
344,350,CNN-294,100.0,0.9,0.999,True,,,,cuda,0.1,200.0,,,,,,0.0001,,,load_from_zoo('M7()_61ee9f5f_24.p'),0.7,1.0,QHAdam,,,,100.0,mlxa/CNN,True,None,train_v1.bin,False,val_v1.bin,1e-06,0.914299726486206,0.3293928802013397
345,351,CNN-122,,,,,,,,,,,,,,,,,,,,,,,,,,,,,,,,,,,
346,352,CNN-286,100.0,0.9,0.999,True,,,,cuda,0.1,200.0,,,,,,0.001,,,load_from_zoo('M7()_61eadb09_6.p'),0.7,1.0,QHAdam,,,,100.0,mlxa/CNN,True,None,train_v1.bin,False,val_v2.bin,1e-06,0.5752419233322144,1.6293877363204956
347,353,CNN-88,,,,,,,,,,,,,,,,,,,,,,,,,,,,,,,,,,,
348,354,CNN-297,64.0,0.9,0.999,True,0.0,14.0,8.0,cuda,,2.0,,0.0,0.0,0.0,0.1670540571212768,0.0156443153159842,,,M7(),0.2601062655448913,1.0,QHAdam,,,0.0,63.0,mlxa/CNN,True,None,train_v3.bin,False,val_v3.bin,2.170845491245576e-05,0.8772889971733093,0.4140443205833435
349,355,CNN-172,,,,,,,,,,,,,,,,,,,,,,,,,,,,,,,,,,,
350,356,CNN-311,512.0,0.9,0.999,True,0.0,0.0,0.0,cuda,,2.0,,0.0148371923714876,0.0,0.1338623315095901,0.0701641291379928,0.0058377867456694,,,M7(),0.3851609230041504,1.0,QHAdam,,,0.1041983515024185,8.0,mlxa/CNN,True,None,train_v3.bin,False,val_v3.bin,0.0009874154579477,0.4735753536224365,1.9536088705062864
351,357,CNN-323,128.0,0.9,0.999,True,0.0,5.0,5.0,cuda,,2.0,,0.1254421323537826,0.0,0.0,0.0,0.0003953157281929,,,M7(),0.4445048868656158,1.0,QHAdam,,,0.1598219722509384,32.0,mlxa/CNN,True,None,train_v3.bin,False,val_v3.bin,6.622399221015774e-05,0.8723299503326416,0.56768399477005
352,358,CNN-132,,0.9,0.999,,,,,,0.1,50.0,0.9,,,,,0.002,,,,0.7,1.0,,,,,,,,,,,,1e-06,,
353,359,CNN-355,256.0,0.9,0.999,True,0.0,8.0,8.0,cuda,,2.0,,0.0,0.0,0.0,0.0622389130294323,8.760342687972046e-05,,,M7(),0.2586877942085266,1.0,QHAdam,,,0.0,16.0,mlxa/CNN,True,None,train_v3.bin,False,val_v3.bin,7.800068682273969e-05,0.8285156488418579,0.8107777833938599
354,360,CNN-313,1024.0,0.9,0.999,True,0.0,6.0,3.0,cpu,,2.0,,0.08364287763834,0.0,0.1458791345357895,0.0,0.0010733030900108,,,Resnet18(10),0.3831386268138885,1.0,QHAdam,,,0.0,4.0,mlxa/CNN,True,None,train_v3.bin,False,val_v3.bin,0.0005284522746929,,
355,361,CNN-305,512.0,0.9,0.999,True,0.0,11.0,6.0,cuda,,2.0,,0.0395120494067668,0.0340018980205059,0.0,0.0,9.745686718632876e-05,,,M7(),0.2692583799362182,0.9486035704612732,QHAdam,,,0.0285299103707075,8.0,mlxa/CNN,True,None,train_v3.bin,False,val_v3.bin,1.9938878961538977e-05,0.799724280834198,0.9115967154502868
356,362,CNN-314,256.0,0.9,0.999,True,0.0,2.0,1.0,cuda,,2.0,,0.0558406673371791,0.0031955677550286,0.0570751540362834,0.1139826774597168,0.0177148316895013,,,Resnet18(10),0.4775775671005249,1.0,QHAdam,,,0.122720219194889,16.0,mlxa/CNN,True,None,train_v3.bin,False,val_v3.bin,0.0002875324259831,0.55126953125,1.3847825527191162
357,363,CNN-139,,0.9,0.999,,,,,,0.1,50.0,0.9,,,,,0.002,,,,0.7,1.0,,,,,,,,,,,,1e-06,,
358,364,CNN-170,,,,,,,,,,,,,,,,,,,,,,,,,,,,,,,,,,,
359,365,CNN-26,,0.9,0.999,,,,,,0.1,50.0,0.95,,,,,0.01,,,,1.0,1.0,,,,,,,,,,,,1e-06,,
360,366,CNN-34,,0.9,0.999,,,,,,0.1,50.0,0.95,,,,,0.01,,,,1.0,1.0,,,,,,,,,,,,1e-06,0.188992828130722,2.908494234085083
361,367,CNN-263,500.0,0.9,0.999,,,,,cuda,0.1,1.0,0.9,,,,,1e-05,ExponentialLR,,"load_from_zoo(""Densenet161(10)_61eaf1c4_47.p"")",0.7,1.0,QHAdam,,,,10.0,mlxa/CNN,True,None,train_v1.bin,,val_v1.bin,1e-06,,
362,368,CNN-94,,,,,,,,,,,,,,,,,,,,,,,,,,,,,,,,,,,
363,369,CNN-102,,0.9,0.999,,,,,,0.1,50.0,0.9,,,,,0.002,,,,0.7,1.0,,,,,,,,,,,,1e-06,,
364,370,CNN-268,500.0,0.9,0.999,,,,,cuda,0.1,1.0,0.9,,,,,1e-05,ExponentialLR,,"load_from_zoo(""Densenet161(10)_61eaf1c4_47.p"")",0.7,1.0,QHAdam,,,,10.0,mlxa/CNN,True,None,train_v1.bin,,val_v1.bin,1e-06,,
365,371,CNN-252,500.0,0.9,0.999,,,,,cuda,0.1,50.0,,,,,,0.0001,OneCycleLR,0.001,"VotingEnsemble([load_from_zoo('M7()_61ead6cd_final.p'),load_from_zoo('M7()_61ead348_2.p')], [1, 1])",0.7,1.0,QHAdam,,,,10.0,mlxa/CNN,True,None,train_v1.bin,,val_v1.bin,1e-06,,
366,372,CNN-249,500.0,0.9,0.999,,,,,cuda,0.1,50.0,,,,,,0.0001,OneCycleLR,0.001,"VotingEnsemble([load_from_zoo('M3()_#CNN-172_36.p'),load_from_zoo('M3()_#CNN-229_29.p'),load_from_zoo('M7()_61ead6cd_final.p'),load_from_zoo('M7()_61ead348_2.p')], [1, 1, 1, 1])",0.7,1.0,QHAdam,,,,10.0,mlxa/CNN,True,None,train_v1.bin,,val_v1.bin,1e-06,,
367,373,CNN-385,64.0,0.9,0.999,True,0.0,11.0,6.0,cuda,,2.0,,0.0,0.0785000547766685,0.0213223621249198,0.0725375935435295,0.0111643561191827,,,Resnet18(10),0.4305764734745025,1.0,QHAdam,,,0.1455668061971664,63.0,mlxa/CNN,True,None,train_v3.bin,False,val_v3.bin,1.548724996753581e-06,0.7068073153495789,0.9224902391433716
368,374,CNN-185,64.0,0.9,0.999,,,,,cpu,0.1,5.0,0.9,,,,,0.002,ExponentialLR,,M7S1(),0.7,1.0,QHAdam,,,,,mlxa/CNN,False,None,train_v2.bin,,val_v2.bin,1e-06,,
369,375,CNN-370,32.0,0.9,0.999,True,0.0,4.0,2.0,cuda,,2.0,,0.1099488139152526,0.0114133981987833,0.0147610772401094,0.0626169368624687,0.0186798195213744,,,Resnet18(10),0.3358069658279419,0.9938101768493652,QHAdam,,,0.0,125.0,mlxa/CNN,True,None,train_v3.bin,False,val_v3.bin,1.8592371693493984e-05,0.1902955174446106,2.229888200759888
370,376,CNN-99,,0.9,0.999,,,,,,0.1,50.0,0.9,,,,,0.002,,,,0.7,1.0,,,,,,,,,,,,1e-06,,
371,377,CNN-55,,0.9,0.999,,,,,,0.1,50.0,0.95,,,,,0.01,,,,0.7,1.0,,,,,,,,,,,,1e-06,0.930732488632202,0.2510735690593719
372,378,CNN-317,256.0,0.9,0.999,True,0.0,2.0,1.0,cuda,,2.0,,0.0,0.0,0.0610472522675991,0.0,0.000131446606959,,,Resnet18(10),0.8425782918930054,0.809183657169342,QHAdam,,,0.0413001924753189,16.0,mlxa/CNN,True,None,train_v3.bin,False,val_v3.bin,0.000332087396738,0.7958008050918579,0.6372811198234558
373,379,CNN-260,500.0,0.9,0.999,,,,,cuda,0.1,1.0,0.9,,,,,1e-05,ExponentialLR,,"load_from_zoo(""Densenet161(10)_61eaf1c4_47.p"")",0.7,1.0,QHAdam,,,,10.0,mlxa/CNN,True,None,train_v1.bin,,val_v1.bin,1e-06,,
374,380,CNN-133,,0.9,0.999,,,,,,0.1,50.0,0.9,,,,,0.002,,,,0.7,1.0,,,,,,,,,,,,1e-06,,
375,381,CNN-154,,,,,,,,,,,,,,,,,,,,,,,,,,,,,,,,,,,
376,382,CNN-225,1000.0,0.9,,,,,,cuda,0.0,50.0,,,,,,0.0001,OneCycleLR,0.001,"load_from_zoo(""M7()_61ead6cd_final.p"")",,,SGD,,,,5.0,mlxa/CNN,True,None,train_v2.bin,,val_v1.bin,1e-06,0.9251999855041504,0.278630793094635
377,383,CNN-45,,,,,,,,,,,,,,,,,,,,,,,,,,,,,,,,,,,
378,384,CNN-229,1000.0,0.9,0.999,,,,,cuda,0.1,50.0,,,,,,0.0001,OneCycleLR,0.001,Densenet121(10),0.7,1.0,QHAdam,,,,10.0,mlxa/CNN,True,None,train_v1.bin,,val_v1.bin,1e-06,,
379,149,CNN-147,,,,,,,,,,,,,,,,,,,,,,,,,,,,,,,,,,,
380,161,CNN-257,,,,,,,,,,,,,,,,,,,,,,,,,,,,,,,,,,,
381,219,CNN-111,,,,,,,,,,,,,,,,,,,,,,,,,,,,,,,,,,,
382,279,CNN-91,,,,,,,,,,,,,,,,,,,,,,,,,,,,,,,,,,,
383,45,CNN-47,,,,,,,,,,,,,,,,,,,,,,,,,,,,,,,,,,,
384,138,CNN-60,,,,,,,,,,,,,,,,,,,,,,,,,,,,,,,,,,,
